-- MySQL dump 10.13  Distrib 8.0.32, for Win64 (x86_64)
--
-- Host: localhost    Database: sistema-slide
-- ------------------------------------------------------
-- Server version	8.0.27

/*!40101 SET @OLD_CHARACTER_SET_CLIENT=@@CHARACTER_SET_CLIENT */;
/*!40101 SET @OLD_CHARACTER_SET_RESULTS=@@CHARACTER_SET_RESULTS */;
/*!40101 SET @OLD_COLLATION_CONNECTION=@@COLLATION_CONNECTION */;
/*!50503 SET NAMES utf8 */;
/*!40103 SET @OLD_TIME_ZONE=@@TIME_ZONE */;
/*!40103 SET TIME_ZONE='+00:00' */;
/*!40014 SET @OLD_UNIQUE_CHECKS=@@UNIQUE_CHECKS, UNIQUE_CHECKS=0 */;
/*!40014 SET @OLD_FOREIGN_KEY_CHECKS=@@FOREIGN_KEY_CHECKS, FOREIGN_KEY_CHECKS=0 */;
/*!40101 SET @OLD_SQL_MODE=@@SQL_MODE, SQL_MODE='NO_AUTO_VALUE_ON_ZERO' */;
/*!40111 SET @OLD_SQL_NOTES=@@SQL_NOTES, SQL_NOTES=0 */;

--
-- Table structure for table `capas`
--

DROP TABLE IF EXISTS `capas`;
/*!40101 SET @saved_cs_client     = @@character_set_client */;
/*!50503 SET character_set_client = utf8mb4 */;
CREATE TABLE `capas` (
  `id_musica` int NOT NULL,
  `filename` varchar(100) NOT NULL,
  PRIMARY KEY (`id_musica`),
  CONSTRAINT `id_musica_capa` FOREIGN KEY (`id_musica`) REFERENCES `musicas` (`id`)
) ENGINE=InnoDB DEFAULT CHARSET=utf8mb4 COLLATE=utf8mb4_0900_ai_ci;
/*!40101 SET character_set_client = @saved_cs_client */;

--
-- Dumping data for table `capas`
--

LOCK TABLES `capas` WRITE;
/*!40000 ALTER TABLE `capas` DISABLE KEYS */;
INSERT INTO `capas` VALUES (1,'1.jpg'),(2,'2.jpg'),(3,'3.png'),(4,'4.jpg'),(5,'5.jpg'),(6,'6.jpg'),(7,'7.jpg'),(8,'8.jpg'),(9,'9.jpg'),(10,'10.jpg'),(11,'11.jpg'),(12,'12.jpg'),(13,'13.jpg'),(14,'14.jpg'),(15,'15.jpg'),(16,'16.jpg'),(17,'17.jpg'),(18,'18.jpg'),(19,'19.jpg'),(20,'20.jpg'),(21,'21.jpg'),(22,'22.jpg'),(23,'23.jpg'),(24,'24.jpg'),(25,'25.jpg'),(26,'26.jpg'),(27,'27.jpg'),(28,'28.jpg'),(29,'29.jpg'),(30,'30.jpg'),(31,'31.jpg'),(32,'32.jpg'),(33,'33.jpg'),(34,'34.jpg'),(35,'35.jpg'),(36,'36.jpg'),(37,'37.jpg'),(38,'38.jpg'),(39,'39.jpg'),(40,'40.jpg'),(41,'41.jpg'),(42,'42.jpg');
/*!40000 ALTER TABLE `capas` ENABLE KEYS */;
UNLOCK TABLES;

--
-- Table structure for table `categoria_departamentos`
--

DROP TABLE IF EXISTS `categoria_departamentos`;
/*!40101 SET @saved_cs_client     = @@character_set_client */;
/*!50503 SET character_set_client = utf8mb4 */;
CREATE TABLE `categoria_departamentos` (
  `id` smallint NOT NULL AUTO_INCREMENT,
  `descricao` varchar(45) NOT NULL,
  PRIMARY KEY (`id`)
) ENGINE=InnoDB AUTO_INCREMENT=5 DEFAULT CHARSET=utf8mb4 COLLATE=utf8mb4_0900_ai_ci;
/*!40101 SET character_set_client = @saved_cs_client */;

--
-- Dumping data for table `categoria_departamentos`
--

LOCK TABLES `categoria_departamentos` WRITE;
/*!40000 ALTER TABLE `categoria_departamentos` DISABLE KEYS */;
INSERT INTO `categoria_departamentos` VALUES (1,'Ministério de Louvor'),(2,'Jovens/Adolescentes'),(3,'Departamentos'),(4,'Avulsos');
/*!40000 ALTER TABLE `categoria_departamentos` ENABLE KEYS */;
UNLOCK TABLES;

--
-- Table structure for table `categoria_slide`
--

DROP TABLE IF EXISTS `categoria_slide`;
/*!40101 SET @saved_cs_client     = @@character_set_client */;
/*!50503 SET character_set_client = utf8mb4 */;
CREATE TABLE `categoria_slide` (
  `id` tinyint NOT NULL AUTO_INCREMENT,
  `descricao` varchar(45) NOT NULL,
  PRIMARY KEY (`id`)
) ENGINE=InnoDB AUTO_INCREMENT=4 DEFAULT CHARSET=utf8mb4 COLLATE=utf8mb4_0900_ai_ci;
/*!40101 SET character_set_client = @saved_cs_client */;

--
-- Dumping data for table `categoria_slide`
--

LOCK TABLES `categoria_slide` WRITE;
/*!40000 ALTER TABLE `categoria_slide` DISABLE KEYS */;
INSERT INTO `categoria_slide` VALUES (1,'Letra'),(2,'Coro'),(3,'Pausa inst.');
/*!40000 ALTER TABLE `categoria_slide` ENABLE KEYS */;
UNLOCK TABLES;

--
-- Table structure for table `config`
--

DROP TABLE IF EXISTS `config`;
/*!40101 SET @saved_cs_client     = @@character_set_client */;
/*!50503 SET character_set_client = utf8mb4 */;
CREATE TABLE `config` (
  `id` varchar(100) NOT NULL,
  `valor` varchar(100) DEFAULT NULL,
  PRIMARY KEY (`id`)
) ENGINE=InnoDB DEFAULT CHARSET=utf8mb4 COLLATE=utf8mb4_0900_ai_ci;
/*!40101 SET character_set_client = @saved_cs_client */;

--
-- Dumping data for table `config`
--

LOCK TABLES `config` WRITE;
/*!40000 ALTER TABLE `config` DISABLE KEYS */;
INSERT INTO `config` VALUES ('background','Background.jpeg');
/*!40000 ALTER TABLE `config` ENABLE KEYS */;
UNLOCK TABLES;

--
-- Table structure for table `letras`
--

DROP TABLE IF EXISTS `letras`;
/*!40101 SET @saved_cs_client     = @@character_set_client */;
/*!50503 SET character_set_client = utf8mb4 */;
CREATE TABLE `letras` (
  `id_musica` int NOT NULL,
  `paragrafo` smallint NOT NULL,
  `texto` text NOT NULL,
  PRIMARY KEY (`id_musica`,`paragrafo`),
  KEY `id_musica_idx` (`id_musica`),
  KEY `paragrafo_idx` (`paragrafo`),
  CONSTRAINT `id_musica_letra` FOREIGN KEY (`id_musica`) REFERENCES `musicas` (`id`)
) ENGINE=InnoDB DEFAULT CHARSET=utf8mb4 COLLATE=utf8mb4_0900_ai_ci;
/*!40101 SET character_set_client = @saved_cs_client */;

--
-- Dumping data for table `letras`
--

LOCK TABLES `letras` WRITE;
/*!40000 ALTER TABLE `letras` DISABLE KEYS */;
INSERT INTO `letras` VALUES (1,1,'Doce presença, És meu abrigo<br> Meu protetor, Em Ti confio<br>'),(1,2,'Mesmo sem ver, eu posso crer<br>Que Tua promessa está de pé<br>Irá se cumprir!<br>'),(1,3,'<u class=\"cdx-underline\">Quem sou eu pra questionar um Deus fiel?<br></u><u class=\"cdx-underline\">Tu és Deus e Tua palavra está de pé!<br></u>'),(1,4,'És minha&nbsp;<u class=\"cdx-underline\">âncora,</u>&nbsp;A minha&nbsp;<u class=\"cdx-underline\">esperança!<br></u><u class=\"cdx-underline\">Em que minha fé firmada está!<br>Eu não temerei,</u>&nbsp;<u class=\"cdx-underline\">eu não temerei!</u><br><b>[2x]</b>'),(1,5,'<mark class=\"cdx-marker\"><u class=\"cdx-underline\">Volta no começo e repete novamente.</u></mark>'),(1,6,'<u class=\"cdx-underline\">Eu sei que no vale também estás!</u><br><u class=\"cdx-underline\">E sobre o bravo mar me ensina a caminhar!</u><br><u class=\"cdx-underline\">Tu és o quarto homem na fornalha!</u><br><u class=\"cdx-underline\">Tu és o meu Deus que não falha!</u><br><b>[2x]</b>'),(1,7,'És minha&nbsp;<u class=\"cdx-underline\">âncora,</u>&nbsp;A minha&nbsp;<u class=\"cdx-underline\">esperança!<br></u><u class=\"cdx-underline\">Em que minha fé firmada está!<br>Eu não temerei,</u>&nbsp;<u class=\"cdx-underline\">eu não temerei!</u><br><b>[2x]</b>'),(2,1,'<mark class=\"cdx-marker\">Homens:&nbsp;</mark>O sacrifício vivo Se entregou por mim!<br>Com armas de amor Ele lutou até o fim!<br>Vestido de silêncio, o semblante era de dor! <br>A todos que O feriu lá no Calvário perdoou!<br>'),(2,2,'<mark class=\"cdx-marker\">Meninas:&nbsp;</mark>Subiu naquela cruz sem nada reclamar!<br>Cordeiro imaculado que sofreu por me amar!<br>E a minha vida foi lavada pelo sangue de Jesus!<br>Minha história dividiu, antes e depois!<br>Pelo sangue, Pelo sangue de Jesus!<br>'),(2,3,'<mark class=\"cdx-marker\">Todos:&nbsp;</mark>Fui salvo&nbsp;pelo sangue!&nbsp;Fui curado pelo sangue!<br>Fui liberto&nbsp;pelo sangue!&nbsp;Fui comprado pelo sangue!<br>O sangue de&nbsp;Jesus que me leva até o céu!<br>O sangue de&nbsp;Jesus, vermelho,&nbsp;forte e fiel!<br>Suportou a cruz a&nbsp;preço de sangue por amor!<br>Precioso&nbsp;sangue de Jesus!'),(2,4,'<mark class=\"cdx-marker\">Homens:&nbsp;</mark>O sacrifício vivo eu quero ser pra Deus!<br>Tão puro e agradável como Cristo ofereceu!<br>Com a Sua verdade vou me comprometer!<br>E ser exemplo vivo de Sua graça e poder!<br>'),(2,5,'<mark class=\"cdx-marker\">Meninas:&nbsp;</mark>Amar como a mim mesmo a quem me odiar!<br>Usar as minhas mãos pra outras mãos abençoar!<br><mark class=\"cdx-marker\">Todos:</mark>E já não vivo eu, mas agora Jesus Cristo vive em mim!<br>O meu passado apagou! Tudo perdoou!<br>Pelo sangue, Pelo sangue de Jesus!'),(2,6,'Fui salvo pelo sangue!&nbsp;Fui curado pelo sangue!<br>Fui liberto pelo sangue!&nbsp;Fui comprado pelo sangue!<br>O sangue de Jesus que me leva até o céu!<br>O sangue de Jesus, vermelho, forte e fiel!<br>Suportou a cruz a&nbsp;preço de sangue por amor!<br>Precioso&nbsp;sangue de Jesus!<br><b>[2x]</b>'),(3,1,'<mark class=\"cdx-marker\">Todos:</mark> <u class=\"cdx-underline\">Glória,&nbsp;Rompendo em Glória<br> De Glória em Glória, Reflete a Glória</u>'),(3,2,'<u class=\"cdx-underline\">A Igreja vem com aqu’Ele que brilha mais que a luz do sol<br>Dissipando as trevas, destruindo o mal<br>A Sua face é um  refletor de Glória,<br>O céu derrama a Glória porque a Igreja vem,<br>Arrebentando com as portas do inferno<br>Com barulho de milagre, levantando um exército de vidas</u><br><mark class=\"cdx-marker\">Solo:&nbsp;</mark>É a Igreja Santa, aqui perseguida...'),(3,3,'Tentaram acabar&nbsp;com a base da Igreja<br> Sem ela a Terra&nbsp;não povoaria o céu<br>Ela não teria força pra adorar,<br>Não haveria missionário em todo lugar<br>Mas o plano&nbsp;não deu certo... não, não!<br>'),(3,4,'Tentaram nos calar matando alguns irmãos,<br>Mas nada adiantou surgiram mais cristãos!<br><mark class=\"cdx-marker\">Todos:</mark><u class=\"cdx-underline\">Louvando como Paulo  e Silas na prisão,</u><br><mark class=\"cdx-marker\">Solo:</mark>Movendo o grande céu, estremecendo o chão, assumindo a missão!<br>'),(3,5,'<u class=\"cdx-underline\"><b>O plano do Senhor,&nbsp;é o que prevaleceu!</b></u><br>Há quase dois&nbsp;mil anos a Igreja só cresceu!<br><u class=\"cdx-underline\"><b>Jesus é a cabeça, nos ensina a trabalhar</b></u><br>A base é muito forte, nada pode abalar<br>Por isso o inferno vive a chorar<br>A Igreja não descansa o tempo todo esta lá<br>Brilhando em toda parte a Igreja vem<br>Quebrando cativeiros pra salvar alguém... A Igreja vem!'),(3,6,'<mark class=\"cdx-marker\"><u class=\"cdx-underline\">Repete o Coro, porém no final o vocal canta<br>\"É a Igreja Santa\" e o solista finaliza \"Aqui Perseguida\".</u></mark>'),(3,7,'O plano do Senhor, é o que prevaleceu <b><u class=\"cdx-underline\">[Oh, Oh, Oh]</u></b><br>Há quase dois mil anos a Igreja só cresceu!<br><b><u class=\"cdx-underline\">Jesus é a cabeça, nos ensina a trabalhar</u></b><br>A base é muito forte, nada pode abalar<br>Por isso o inferno vive a chorar<br><b><u class=\"cdx-underline\">A Igreja não descansa o tempo todo esta lá</u></b><br>Brilhando em toda parte a Igreja vem<br>Quebrando cativeiros pra salvar alguém...<br>A Igreja vem!'),(3,8,'<mark class=\"cdx-marker\"><u class=\"cdx-underline\">Repete o coro novamente como da segunda vez.</u></mark>'),(3,9,'O Noivo vem aí <b><u class=\"cdx-underline\">[Uh, Uh]</u></b><br>A Igreja está se preparando <b><u class=\"cdx-underline\">[Uh, Uh, Uh, Uh, Uh]</u></b><br>Pra cantar no coral&nbsp;<b><u class=\"cdx-underline\">[Uh, Uh, Uh, Uh, Uh]</u></b><br>Junto com os anjos'),(3,10,'<b><u class=\"cdx-underline\">[Glória]</u></b>&nbsp;O Noivo vem aí<br><b><u class=\"cdx-underline\">[Rompendo em Glória]</u></b>&nbsp;Ele está te convidando<br><b><u class=\"cdx-underline\">[De Glória em Glória]</u></b>&nbsp;Pra cantar no coral<br><b><u class=\"cdx-underline\">[Reflete a Glória]</u></b>&nbsp;Junto com os anjos'),(3,11,'<u class=\"cdx-underline\">A Igreja vem... Vem!&nbsp;Mais que a luz do sol<br> Dissipando as trevas, destruindo o mal</u><br><u class=\"cdx-underline\">A Sua face é um  refletor de Glória, <br> O céu derrama a Glória porque a Igreja vem,<br></u><u class=\"cdx-underline\">Arrebentando com as portas do inferno</u><br><u class=\"cdx-underline\">Com barulho de milagre,  levantando um exército de vidas</u><br>É a Igreja Santa...'),(3,12,'<mark class=\"cdx-marker\"><u class=\"cdx-underline\">Repete o coro novamente como da segunda vez para finalizar.</u></mark>'),(4,1,'<mark class=\"cdx-marker\">Meninas:</mark>Que o Senhor te abençoe&nbsp;<br>E faça brilhar&nbsp;Seu rosto em ti! <br>Que conceda&nbsp;Sua graça e te dê a paz!<br>'),(4,2,'Amém! Amém! Amém! (2x)'),(4,3,'<mark class=\"cdx-marker\">Todos:</mark>Que o Senhor te abençoe<br>E faça brilhar&nbsp;Seu rosto em ti! <br>Que conceda&nbsp;Sua graça e te dê a paz!'),(4,4,'Amém! Amém! Amém! (2x)'),(4,5,'<mark class=\"cdx-marker\">Homens:</mark>Que a bênção se derrame até mil gerações!<br>Tua família e teus filhos&nbsp;e os filhos dos teus filhos!<br><mark class=\"cdx-marker\">Meninas:</mark>Que a bênção se derrame até mil gerações!<br>Tua família e teus filhos&nbsp;e os filhos dos teus filhos!'),(4,6,'<mark class=\"cdx-marker\">Todos:</mark>Que a bênção se derrame até mil gerações!<br>Tua família e teus filhos&nbsp;e os filhos dos teus filhos!<br>Que a bênção se derrame até mil gerações!<br>Tua família e teus filhos&nbsp;e os filhos dos teus filhos!'),(4,7,'Sua presença&nbsp;te acompanhe por detrás e por diante <br>Do teu lado e em ti, É contigo! É por ti!<br>Sua presença te acompanhe por detrás e por diante<br>Do teu lado e em ti,&nbsp;É contigo! É por ti!'),(4,8,'E de dia e de noite<br>Tua entrada e saída <br>Em teu riso, Em teu choro<br>É contigo! É por ti<b>!<br></b>'),(4,9,'É contigo! É por ti!<br>É contigo! É por ti!<br> É contigo! É por ti!<br>É contigo! É por ti!<br>'),(4,10,'Amém!&nbsp;Amém! Amém! (4x)<br>'),(5,1,'O Espírito de Deus está aqui...<br>Operando em nossos corações<br>Trazendo Sua vida e poder!<br>Ministrando Sua graça e amor!<br>'),(5,2,'Os feridos de alma são curados!<br>Os cativos e oprimidos livres são!<br>Os enfermos e doentes são sarados<br>Pois o Espírito de Deus está aqui!<br>O Espírito de Deus está aqui!<br>'),(5,3,'<mark class=\"cdx-marker\"><u class=\"cdx-underline\">Repete tudo novamente.</u></mark>'),(5,4,'<u class=\"cdx-underline\">Pai, eu quero contemplar<br>Tua glória e majestade!<br>Pai, eu quero Te adorar<br>Em Espírito e em verdade!</u>'),(5,5,'<u class=\"cdx-underline\"></u>Não apenas no&nbsp;átrio ou no Santo Lugar<br><u class=\"cdx-underline\">Eu quero Te entronizar entre os querubins!</u>'),(5,6,'<mark class=\"cdx-marker\">Meninas:</mark>Oh! Leva-me à sala do trono pelo novo e vivo caminho<br><mark class=\"cdx-marker\">Todos:</mark>Pelo sangue de Jesus, eterno Sumo Sacerdote!<br>'),(5,7,'Oh! <u class=\"cdx-underline\">Leva-me à sala do trono pra Te adorar, Senhor!</u><br>Oh! <u class=\"cdx-underline\">Leva-me à sala do trono<br>Pra Te adorar, Senhor! (3x)</u><br>'),(6,1,'Você é&nbsp;Bem-vindo aqui!<br>A casa é Sua, pode entrar!<br>Me esvazio de mim!<br>Me esvazio de mim!'),(6,2,'Sopra o Teu&nbsp;vento aqui!<br>Toma o Teu trono Vem reinar...<br>Nós queremos Te ouvir!<br>Nós queremos Te ouvir!'),(6,3,'Essa casa&nbsp;é Sua casa<br>Nós deixamos ela pra Você, Jesus!<br><b>[4x]</b>'),(6,4,'Apareça! Que o&nbsp;Teu nome cresça!<br>Enche este lugar! Enche este lugar!<br>Apareça! Que o Teu nome cresça!<br>Vem me incendiar! Vem me incendiar!<br><b>[2x]</b>'),(6,5,'Essa casa&nbsp;é Sua casa<br>Nós deixamos ela pra Você, Jesus!<br><b>[4x]</b>'),(6,6,'Apareça! Que o&nbsp;Teu nome cresça!<br>Enche este lugar! Enche este lugar!<br>Apareça! Que o Teu nome cresça!<br>Vem me incendiar! Vem me incendiar!<br><b>[2x]</b>'),(6,7,'Essa casa&nbsp;é Sua casa<br>Nós deixamos ela pra Você, Jesus!<br><b>[4x]</b>'),(7,1,'A alegria do Senhor&nbsp;é minha força, é minha força (4x)'),(7,2,'Sou uma criança feliz, Deus me fez assim,<br>Gosto de ler e estudar, minhas tarefinhas fazer<br>Eu agradeço ao Papai do Céu&nbsp;por ter me dado a alegria de viver!<br>Eu não vou me esquecer do Seu grande amor!'),(7,3,'A alegria do Senhor é minha força,&nbsp;é minha força! (2x)'),(7,4,'Sou uma criança feliz, Deus me&nbsp;fez assim,<br>Eu canto e louvo ao Senhor, pois Ele é bom pra mim!<br>Falo com o Papai do Céu, de olhinhos fechados<br>Pra Ele abençoar meus coleguinhas também!'),(7,5,'A alegria do Senhor&nbsp;é minha força, é minha força! (2x)'),(7,6,'Eu canto, danço, pulo, corro, grito, rodo, abaixo, levanto,<br>Abro os braços&nbsp;e te dou um abraço e um sorriso!<br><b>[2x]</b>'),(7,7,'A alegria do Senhor é minha força, é minha força (4x)<br>'),(8,1,'A Bíblia é um livro especial, com ela aprendo mais sobre Jesus<br>Ele é meu grande amigo, eu quero conhecer mais!<br>Vou ler a Bíblia todo dia mais e mais!'),(8,2,'<mark class=\"cdx-marker\">Coro:</mark> Vou entrar no&nbsp;meu quarto, fechar minha porta,<br>Vamos ficar juntinhos, só eu e o Senhor!<br>Vou pegar minha Bíblia, vou ler com carinho<br>Sei que Deus vai falar comigo!'),(8,3,'A Bíblia é o pão que alimenta a fome que está em meu coração<br>É a palavra de Jesus que me cura e fortalece!<br>Vou ler a Bíblia todo dia mais e mais!'),(8,4,'<mark class=\"cdx-marker\"><u class=\"cdx-underline\">Repete o Coro inteiro duas vezes e no final canta<br>\"Sei que Deus vai falar comigo 2x\"</u></mark>'),(8,5,'<i>Sabe, gente?&nbsp;A Bíblia é um livro muito especial!<br></i><i>Nela Deus colocou uma coleção de livros que nos ensinam<br></i><i>Tudo o que precisamos saber sobre quem Ele é<br></i><i>E sobre a vida que Ele tem para nós!<br></i><i>Por isso, é importante nós conhecermos&nbsp;todos os livros da Bíblia,<br></i><i>E nesta hora vamos cantar juntos quais são estes livros:</i>'),(8,6,'Gênesis, Êxodo, Levítico, Números, Deuteronômio, Josué, Juízes, Rute<br>Samuel, Samuel, Reis, Reis e Crônicas, Crônicas, Esdras, Neemias, Ester, Jó<br>Salmos, Provérbios, Eclesiastes, Cantares, Isaías, Jeremias e Lamentações,<br>Ezequiel e Daniel, Oseias, Joel, Amós, Obadias,<br>Jonas, Miqueias, Naum, Habacuque, Sofonias, Ageu, Zacarias, Malaquias<br>Os 39 livros então do Velho Testamento aqui estão!'),(8,7,'Mateus, Marcos, Lucas e João, Atos, Romanos, Coríntios, Coríntios<br>Gálatas, Efésios, Filipenses, Colossenses, Tessalonicenses<br>Tessalonicenses, Timóteo, Timóteo, Tito, Filemon, Hebreus, Tiago,<br>Pedro, Pedro, João, João, João, Judas e Apocalipse de João!<br>Os 27 livros então do Novo Testamento aqui estão!'),(9,1,'A cada passo que eu dou na vida<br>É&nbsp;um degrau a mais que subo ao céu<br>Em Cristo tenho a melhor guarida<br>E da morte não temo labéu'),(9,2,'<mark class=\"cdx-marker\">Coro:</mark> <i>A cada passo vou me aproximando<br>Daquele lar que Cristo prometeu<br>E passo a passo sigo caminhando<br>A cada instante mais perto de Deus</i>'),(9,3,'Estou seguro em Suas mãos divinas<br>Que me conduzirão ao santo lar<br>Em Cristo tenho a chave certa que abre<br>O portal da glória celestial'),(9,4,'<mark class=\"cdx-marker\">Coro:</mark> <i>A cada passo vou me aproximando<br>Daquele lar que Cristo prometeu<br>E passo a passo sigo caminhando<br>A cada instante mais perto de Deus</i>'),(9,5,'Às vezes sinto-me tão desolado<br>Quando as tristezas vêm me assaltar<br>Então eu olho para&nbsp;o mestre amado<br>Que me diz: “sê firme no avançar! ”'),(9,6,'<mark class=\"cdx-marker\">Coro:</mark> <i>A cada passo vou me aproximando<br>Daquele lar que Cristo prometeu<br>E passo a passo sigo caminhando<br>A cada instante mais perto de Deus</i>'),(10,1,'Para casa de Jairo&nbsp;ia Jesus,<br>uma&nbsp;grande multidão ia atrás d’Ele<br>Uma pobre mulher cheia de fé<br>se esqueceu da multidão e o tocou!'),(10,2,'<mark class=\"cdx-marker\">Coro:</mark><i>Faz tu qual a&nbsp;mulher que foi e tocou<br>Na orla do vestido de Jesus<br>Virtude logo&nbsp;saiu e a curou<br>Se n’Ele tocas tu&nbsp;saras também!&nbsp;&nbsp;</i>'),(10,3,'O Senhor perguntou&nbsp;quem Me tocou?<br>Pois de Mim saiu&nbsp;virtude, Eu o senti<br>A mulher se levantou e confessou:<br>Fui eu Senhor quem te tocou, perdoa-me!'),(10,4,'<mark class=\"cdx-marker\">Coro:</mark><i>Faz tu qual a&nbsp;mulher que foi e tocou<br>Na orla do vestido de Jesus<br>Virtude logo&nbsp;saiu e a curou<br>Se n’Ele tocas tu&nbsp;saras também!&nbsp;&nbsp;</i>'),(10,5,'Se quiseres acercar-te&nbsp;ao Salvador<br>Com tuas cargas de pecados como estás<br>Faze hoje qual a mulher que foi e tocou,<br>De seus vestidos para ti sairá virtude!'),(10,6,'<mark class=\"cdx-marker\">Coro:</mark><i>Faz tu qual a&nbsp;mulher que foi e tocou<br>Na orla do vestido de Jesus<br>Virtude logo&nbsp;saiu e a curou<br>Se n’Ele tocas tu&nbsp;saras também!</i>'),(11,1,'<mark class=\"cdx-marker\">Meninas:</mark>Os campos estão brancos,<br><mark class=\"cdx-marker\">Homens:</mark><b><u class=\"cdx-underline\">(Os campos estão brancos)<br></u></b><b><u class=\"cdx-underline\"></u></b>Já podemos ver,<u class=\"cdx-underline\">&nbsp;<b>(Já podemos ver)</b></u><b></b><br>Desponta um novo dia,&nbsp;<b><u class=\"cdx-underline\">(Desponta um novo dia)</u></b><br>Um novo amanhecer!&nbsp;<b><u class=\"cdx-underline\">(Um novo amanhecer!)</u></b>'),(11,2,'<b><u class=\"cdx-underline\"></u></b>Há trabalho a ser feito&nbsp;<b><u class=\"cdx-underline\">(Ah, Ah, Ah)</u></b><br>Inda muito o que colher&nbsp;<b><u class=\"cdx-underline\">(Que colher)</u></b><br>É Jesus quem nos convida&nbsp;<b><u class=\"cdx-underline\">(Ah, Ah, Ah)</u></b><br><mark class=\"cdx-marker\">Todos:</mark>O que vamos responder?'),(11,3,'<mark class=\"cdx-marker\">Coro:</mark><i>Eu quero ir&nbsp;Senhor à seara trabalhar<br>Quero ser ajudador,&nbsp;Falar de Cristo e Seu amor!<br>Eu quero ser Senhor uma luz a iluminar<br>Quero dar o meu melhor,&nbsp;Quero ver Jesus voltar...</i>'),(11,4,'<u class=\"cdx-underline\"></u><mark class=\"cdx-marker\">Solo:</mark>É nossa alegria ir e proclamar, Jesus está voltando<br>Virá pra nos buscar!&nbsp;<b><u class=\"cdx-underline\">(Virá pra nos buscar!)</u></b><br>Muita gente&nbsp;<b><u class=\"cdx-underline\">não percebe&nbsp;O que vai acontecer</u></b><br><mark class=\"cdx-marker\">Todos:</mark>Se não forem avisados eles podem perecer!'),(11,5,'<mark class=\"cdx-marker\">Coro:</mark><i>Eu quero ir&nbsp;Senhor à seara trabalhar<br>Quero ser ajudador,&nbsp;Falar de Cristo e Seu amor!<br>Eu quero ser Senhor uma luz a iluminar<br>Quero dar o meu melhor,&nbsp;Quero ver Jesus voltar...</i>'),(11,6,'<mark class=\"cdx-marker\">Coro:</mark><i>Eu quero ir&nbsp;Senhor à seara trabalhar<br>Quero ser ajudador,&nbsp;Falar de Cristo e Seu amor!<br>Eu quero ser Senhor uma luz a iluminar<br>Quero dar o meu melhor</i>'),(11,7,'<mark class=\"cdx-marker\">Solo:</mark>Quero ver Jesus voltar...<br><mark class=\"cdx-marker\">Meninas:</mark>Quero ver Jesus voltar...<br><mark class=\"cdx-marker\">Homens:</mark>Quero ver Jesus voltar...'),(11,8,'<mark class=\"cdx-marker\">Homens:</mark>Ver Jesus voltar!<br><mark class=\"cdx-marker\">Meninas:</mark>Ver Jesus voltar!<br><mark class=\"cdx-marker\">Todos:</mark>Ver Jesus...'),(12,1,'<mark class=\"cdx-marker\">Solo 1:</mark>A coroa que Ele usou não era de ouro<br>Apesar de O coroarem como Rei,<br>Não era de rubi ou diamante&nbsp;Mas era feita só de espinhos vis...'),(12,2,'<mark class=\"cdx-marker\">Solo 2:</mark>Por que tratar um Rei desta maneira?<br>E por que fazê-lo usar coroa tal?<br>Ele nunca foi forçado a usá-la<br>Mas por amor deixou Seu lar real!'),(12,3,'<mark class=\"cdx-marker\">Todos:</mark>A coroa&nbsp;que Jesus usou na cruz<br>Fora feita para mim!<br>Ele a trocou pela minha salvação<br>E jamais terá de usá-la outra vez...'),(12,4,'<mark class=\"cdx-marker\">Solo 3:</mark>O inimigo não desiste facilmente...<br><mark class=\"cdx-marker\">Dueto:</mark>Ele quer fazê-Lo usar coroa tal!<br><mark class=\"cdx-marker\">Solo 4:</mark>Mas tenha isto sempre em sua mente,<br>No calvário o bem venceu o mal!'),(12,5,'<mark class=\"cdx-marker\">Todos:</mark>A coroa&nbsp;que Jesus usou na cruz<br>Fora feita para mim!<br>Ele a trocou pela minha salvação<br>E jamais terá de usá-la outra vez...'),(12,6,'A coroa que&nbsp;Jesus&nbsp;usou na cruz<br>Fora feita&nbsp;para mim!<br>Ele a trocou pela minha salvação...<br>E jamais terá de usá-la outra vez! (3x)<br>E jamais terá de usá-la outra ve... e... ez...'),(12,7,'A coroa que&nbsp;Jesus&nbsp;usou na cruz<br>Fora feita para mim!<br>Ele a trocou pela minha salvação...<br>E jamais terá de usá-la outra vez...'),(12,8,'A coroa que&nbsp;Jesus&nbsp;usou na cruz<br>Fora feita&nbsp;para mim!<br>Ele a trocou pela minha salvação...<br>E jamais terá de usá-la outra vez! (3x)'),(13,1,'A Deus dai louvor com todo ser,<br>Com todo corpo a Cristo dai louvor<br>Use as mãos e os pés, a cabeça&nbsp;e a voz,<br>Com seu corpo dai louvor'),(13,2,'Com a mão...'),(13,3,'<mark class=\"cdx-marker\"><u class=\"cdx-underline\">Repete \"A Deus dai louvor...\"</u></mark>'),(13,4,'Com a mão,&nbsp;outra mão...'),(13,5,'<mark class=\"cdx-marker\"><u class=\"cdx-underline\">Repete \"A Deus dai louvor...\"</u></mark>'),(13,6,'Com a mão, outra mão, com o pé...'),(13,7,'<mark class=\"cdx-marker\"><u class=\"cdx-underline\">Repete \"A Deus dai louvor...\"</u></mark>'),(13,8,'Com a mão, outra mão, com o pé, outro pé...'),(13,9,'<mark class=\"cdx-marker\"><u class=\"cdx-underline\">Repete \"A Deus dai louvor...\"</u></mark>'),(13,10,'Com a mão, outra mão, com o pé, outro pé, com a cabeça...'),(13,11,'<mark class=\"cdx-marker\"><u class=\"cdx-underline\">Repete \"A Deus dai louvor...\"</u></mark>'),(13,12,'Com a mão, outra mão, com o pé, outro pé, com a cabeça... e a voz!'),(13,13,'Dai louvor!'),(14,1,'Oh!&nbsp;Profundidade das riquezas!<br>Tanto da sabedoria quanto do conhecimento!<br>Quão insondáveis Senhor São os Teus caminhos!'),(14,2,'Quem conhece&nbsp;a mente desse Deus?<br>Não há outro igual a Ele e ninguém acima d’Ele!<br>Por que por Ele e pra Ele são todas as coisas!'),(14,3,'A Ele a glória!&nbsp;A Ele a glória!<br>Eternamente...&nbsp;Amém!<br><b>[2x]</b>'),(14,4,'Quem conhece a&nbsp;mente desse Deus?<br>Não há outro igual a Ele e ninguém acima d’Ele!<br>Por que por Ele e pra Ele são todas as coisas!'),(14,5,'A Ele a glória!&nbsp;A Ele a glória!<br>Eternamente...&nbsp;Amém!<br><b>[4x]</b>'),(15,1,'<mark class=\"cdx-marker\">Solo:</mark>Não há um&nbsp;Deus maior que o Seu,<br>Ele vai curar sua dor!<br>Se um fio de escarlate salvou a meretriz e sua família<br>O que pode o sangue de Cristo fazer por você e por sua casa?'),(15,2,'Se um filho partiu,&nbsp;Se um bem&nbsp;se perdeu,<br>Se o amor esfriou ou alguém morreu!<br>Você pode chorar, mas não deixe de esperar em Deus!<br>Sua casa é herança de Deus, ninguém pode tocar!<br>Pois quem guarda sua casa é o Leão da tribo de Judá!'),(15,3,'<mark class=\"cdx-marker\">Todas:</mark>Quem tem&nbsp;a marca de Cristo tem uma aliança firmada com Deus!<br>O sangue reveste a casa enquanto lá dentro há glória de Deus!<br>Reúne a família, acende a família! Renova entre eles o amor...<br>Ele acaba com a guerra, Ele sara a terra! Da casa se torna Senhor!<br>Ele põe, Ele tira, Ele mata e dá vida! Faz tudo voltar pro lugar<br>Pois a casa que teme ao Senhor sempre vai triunfar!'),(15,4,'<mark class=\"cdx-marker\">Todas:</mark>Se um filho partiu,&nbsp;Se um bem&nbsp;se perdeu,<br>Se o amor esfriou ou alguém morreu!<br>Você pode chorar, mas não deixe de esperar em Deus!<br>Sua casa é herança de Deus, ninguém pode tocar!<br>Pois quem guarda sua casa é o Leão da tribo de Judá!'),(15,5,'Quem tem&nbsp;a marca de Cristo tem uma aliança firmada com Deus!<br>O sangue reveste a casa enquanto lá dentro há glória de Deus!<br>Reúne a família, acende a família! Renova entre eles o amor...<br>Ele acaba com a guerra, Ele sara a terra! Da casa se torna Senhor!<br>Ele põe, Ele tira, Ele mata e dá vida! Faz tudo voltar pro lugar<br>Pois a casa que teme ao Senhor sempre vai triunfar!<br><b>[2x]</b>'),(15,6,'Pois a casa que teme ao Senhor... (3x)'),(15,7,'Sempre vai triunfar!'),(16,1,'<mark class=\"cdx-marker\">Solo:</mark>O rei bateu o martelo, está condenado...<br>Olhando para ele, eu sei, eu fui sentenciado<br>Agora o que fazer, quando Deus nos prova<br>Resta confiar, Ele vai livrar dentro da cova!'),(16,2,'Os meus&nbsp;inimigos levantaram-se para ver<br>A minha derrota e até mesmo o perecer...<br>O que eles não sabiam é que eu tinha crédito<br>Na hora especial, Deus entra em ação e revela o Seu mistério!'),(16,3,'<mark class=\"cdx-marker\">Todas:</mark>Quando eu cheguei, olhei do meu lado<br>Vi leões famintos, mas, porém deitados<br>Até se levantaram pra poder comer,<br>Eles não sentiram cheiro, eu exalei poder<br>Quando se aproximaram, só sentiram fogo<br>Tiveram que voltar e deitar de novo!<br><b>[2x]</b>'),(16,4,'A oração faz fechar a cova,<br>A oração faz abrir as portas<br>A oração faz abrir o mar, o crente que ora vê a vitória chegar! (2x)'),(16,5,'A oração tem força pra mandar parar o Sol,<br>Mostrar ao inimigo que você não está só<br>O crente que ora não é derrotado<br>Nas horas mais difíceis Deus está do seu lado!'),(16,6,'A oração tem&nbsp;força pra mandar parar o Sol,<br>Mostrar ao inimigo que você não está só<br>O crente que ora não é derrotado<br>Nas horas mais difíceis Deus está do seu lado!'),(16,7,'A oração tem&nbsp;força pra mandar parar o Sol,<br>Mostrar ao inimigo que você não está só <br>O crente que ora não é derrotado<br>Nas horas difíceis&nbsp;&nbsp;Deus está do seu lado! (2x)'),(16,8,'Então ora,&nbsp;crente ora, que Deus vai te responder!'),(17,1,'A luz do&nbsp;Teu rosto resplandeceu sobre mim<br>A Tua graça como um rio transbordou!<br>Fui atraído pelo Teu imenso amor<br>Teu precioso sangue me purificou'),(17,2,'Encheste&nbsp;minha vida, meu coração de alegria<br>Tua presença é real dentro de mim!<br>Tua palavra ilumina o meu caminho<br>Sou guiado pelo Teu Espírito!'),(17,3,'E eu vou,&nbsp;a cada dia Te buscar,<br>Se estou andando vou correr, <br>Se eu correr quero voar!<br>E eu vou, a cada dia me achegar <br>Pra Te encontrar Amado meu!<br>Nas asas do Espírito eu vou cada vez mais alto...'),(17,4,'Encheste&nbsp;minha vida, meu coração de alegria<br>Tua presença é real dentro de mim!<br>Tua palavra ilumina o meu caminho<br>Sou guiado pelo Teu Espírito!'),(17,5,'E eu vou,&nbsp;a cada dia Te buscar,<br>Se estou andando vou correr, <br>Se eu correr quero voar!<br>E eu vou, a cada dia me achegar <br>Pra Te encontrar Amado meu!<br>Nas asas do Espírito eu vou cada vez mais alto...<br><b>[2x]</b>'),(18,1,'<mark class=\"cdx-marker\">Solo:</mark>Há momentos&nbsp;que as palavras mais parecem frases decoradas<br>que Deus cansou de ouvir...<br>Há momentos que a solidão aperta o peito e dói o coração<br>mas não vou desistir!<br>Vou andar de joelhos! Vou andar de joelhos!'),(18,2,'É preciso acreditar que a vitória chegará, <br>Deus não nos deixa só!<br>É preciso acreditar, ter coragem pra lutar<br>De joelhos é melhor!<br>É melhor de joelhos! É melhor de joelhos! É melhor de joelhos!'),(18,3,'<mark class=\"cdx-marker\">Todas:&nbsp;</mark>Clame ao Senhor!<br>Não cesse, não pare, insista, avante prossiga,<br>De orar não desista, clame ao Senhor!<br>Ainda que faltem palavras o Deus que entende o gemido&nbsp;da alma<br>já te escutou!&nbsp;Pois da oração de um justo Deus se agrada!<br>A oração é a chave que abre as portas,<br>A oração, o inimigo não suporta a oração,<br>É o meu&nbsp;particular com Deus, é a oração!'),(18,4,'Se quer milagre, ora! Queres cura, ora!<br>Quer resposta, ora! Providência, ora!<br>Queres ser usado? O segredo é oração!<br>É vida no altar, Vida de comunhão!<br>Então vai orando, Vai clamando, Vai chorando até tocar o céu!<br>De joelhos nos tornamos íntimos&nbsp;de Deus!<br>Um Deus que ama e compreende a voz de cada crente!<br><b>[2x]</b>'),(18,5,'<mark class=\"cdx-marker\"><u class=\"cdx-underline\">Volta em \"Todas: Clame ao Senhor\" e repete tudo novamente.</u></mark>'),(19,1,'É a presença de Deus em mim...<br>Que fez eu deixar este mundo&nbsp;pra&nbsp;Lhe servir!<br>É a presença de Deus em mim...<br>Que me tornou o homem mais feliz!'),(19,2,'É Tua presença que faz o caído levantar!<br>Que faz o homem&nbsp;o pecado deixar<br>Que faz o fraco ficar forte!<br>É Tua presença que põe medo no inimigo!<br>Que faz o fracassado invencível,<br>Que nos dá razão pra viver!'),(19,3,'É a presença de Deus em mim...<br>Que me dá forças para prosseguir!<br>Me faz chorar, me faz sentir<br>A Sua paz e o Seu amor em mim!'),(19,4,'É Tua presença que faz o caído levantar!<br>Que faz o homem&nbsp;o pecado deixar<br>Que faz o fraco ficar forte!<br>É Tua presença que põe medo no inimigo!<br>Que faz o fracassado invencível,&nbsp;<br>Que nos dá razão pra viver!'),(19,5,'É Tua presença que põe medo no inimigo!<br>Que faz o fracassado invencível,<br>Que nos dá razão pra viver! (3x)'),(20,1,'É noite e&nbsp;você trancado em seu quarto...<br>Só Deus compreende e vê o teu desabafo...<br>Você só chora e de sua boca só se ouve gemidos...'),(20,2,'Já é madrugada, você quer resposta...<br>O seu&nbsp;coração, a Deus,&nbsp;implora vitória!<br>E logo amanhece, você é renovado! Deus contigo fala'),(20,3,'Eu cuido de você, conheço o teu sofrimento!<br>Você não vai morrer! Ainda não é o tempo!<br>A prova é grande, bem maior é a vitória que Eu estou preparando!'),(20,4,'Já é madrugada, você quer resposta...<br>O seu&nbsp;coração, a Deus,&nbsp;implora vitória!<br>E logo amanhece, você é renovado! Deus contigo fala'),(20,5,'Eu cuido de você, conheço o teu sofrimento!<br>Você não vai morrer! Ainda não é o tempo!<br>A prova é grande, bem maior é a vitória que Eu estou preparando!<br><b>[2x]</b>'),(21,1,'Meu Deus me&nbsp;fez promessas,<br>Ele não se esquece do que prometeu!<br>É o Seu prazer cumprir tudo o que me diz!'),(21,2,'Sei não está demorando <br>Está caprichando para me honrar!<br>É no Seu de repente que me surpreende<br>E se manifesta o Seu Poder!'),(21,3,'A última palavra vem de Deus<br>Ao meu respeito&nbsp;e ao teu!<br>Não temerei o dia mal!<br>Deus é fiel,&nbsp;não falhará!<br><b>[2x]</b>'),(21,4,'Sei não está demorando<br>Está caprichando para me honrar!<br>É no Seu de repente que me surpreende<br>E se manifesta o Seu Poder!'),(21,5,'A última palavra vem de Deus<br>Ao meu respeito e ao teu!<br>Não temerei o dia mal!<br>Deus é fiel, não falhará!'),(21,6,'Ele tem suprido minhas necessidades...<br>Segundo Suas riquezas e o Seu poder!<br>Ele tem agido de várias maneiras pra me favorecer!<br><b>[2x]</b>'),(21,7,'A última palavra vem de Deus <br>Ao meu respeito e ao teu!<br>Não temerei o dia mal!<br>Deus é fiel, não falhará!<br><b>[2x]</b>'),(22,1,'A vida com&nbsp;Jesus é doce, doce, doce como o mel!<br>Paz, amor e alegria, um pedacinho do céu!<br><b>[2x]</b>'),(22,2,'Te dou um sorriso, gostinho gostoso,<br>te dou um abraço, amigo carinhoso!<br>A amizade é um tesouro que vale mais,<br>muito mais do que ouro!'),(22,3,'A vida com&nbsp;Jesus é doce, doce, doce como o mel!<br>Paz, amor e alegria, um pedacinho do céu!<br><b>[2x]</b>'),(22,4,'Digo não à briga, vivo em união, eu<br>sou da paz, te estendo a minha mão!<br>Cheio de amor está meu coração!<br>Vivo feliz e pra você eu canto está canção'),(22,5,'A vida com&nbsp;Jesus é doce, doce, doce como o mel!<br>Paz, amor e alegria, um pedacinho do céu!'),(22,6,'A vida com&nbsp;Jesus é doce, doce, doce como o mel!<br>Paz, amor&nbsp;e alegria,&nbsp;um pedacinho do céu! (2x)'),(23,1,'Oh... oh... oh... ôuo...'),(23,2,'A vida...&nbsp;A vida é tudo de bom!&nbsp;A vida é tudo de bom! <br>Eu ando sorrindo à toa,&nbsp;tô de bem com a vida!<br>E a vida... A vida é tudo de bom!&nbsp;&nbsp;A vida é tudo de bom! <br>Eu vou contar&nbsp;pra todo mundo Jesus é a Vida e eu vou...'),(23,3,'Eu vou cortando&nbsp;a estrada do Brasil, eu vou!<br>Passo em Goiânia minha terra linda e de lá eu vou,<br>Eu vou pra&nbsp;capital, capital do Brasil, linda Brasília! Linda Brasília!'),(23,4,'Vou visitando os&nbsp;quatro cantos do Brasil eu vou!<br>Minas Gerais, Rio de Janeiro, Mato Grosso, Salvador, <br>Cuiabá, Maranhão, São Paulo<br>Levando o verdadeiro amor!&nbsp;Brasil é do Senhor!'),(23,5,'Se Deus fizer chover vou adorar! <br>Na chuva, na chuva! Na chuva, na chuva!<br>Mas se o sol aparecer vou adorar <br>É no calor do sol! É no calor do sol!<br><b>[2x]</b>'),(23,6,'Oh... oh... oh... ôuo...'),(23,7,'Eu vou cortando a estrada do Brasil, eu vou!<br>Passo em Goiânia minha terra boa e de lá eu vou,<br>Eu vou pro Paraná, de lá pro Ceará, terra bonita! Terra bonita!'),(23,8,'Vou visitando os&nbsp;quatro cantos do Brasil eu vou!<br>Bahia, Acre, Tocantins,<br>Espírito Santo, Amapá, Guarujá, São Paulo<br>Levando o verdadeiro amor! Brasil é do Senhor!'),(23,9,'Se Deus fizer chover vou adorar! <br>Na chuva, na chuva! Na chuva, na chuva!<br>Mas se o sol aparecer vou adorar <br>É no calor do sol! É no calor do sol!<br><b>[2x]</b>'),(23,10,'Oh... oh... oh... ôuo...'),(24,1,'És adorado&nbsp;entre nós, tão desejado aqui!<br>Mas nada se comparará com a glória que há de vir!<br>Oh... Oh... Oh!'),(24,2,'Eu não sou&nbsp;daqui, pra casa voltarei!<br>Ele vem me buscar, e com Ele eu irei!<br><b>[2x]</b>'),(24,3,'Yeshua,&nbsp;o Messias aguardado, Ele vem me buscar (2x)'),(24,4,'És adorado&nbsp;entre nós, tão desejado aqui!<br>Mas nada se comparará com a glória que há de vir!<br>Oh... Oh... Oh!'),(24,5,'Eu não sou&nbsp;daqui, pra casa voltarei!<br>Ele vem me buscar, e com Ele eu irei!<br><b>[2x]</b>'),(24,6,'Yeshua,&nbsp;o Messias&nbsp;aguardado, Ele vem me buscar (2x)'),(24,7,'Em breve&nbsp;Jesus, no céu vai aparecer<br>E todo joelho se dobrará, <br>E toda língua confessará'),(24,8,'Mas a Igreja será&nbsp;arrebatada,<br>Num piscar de olhos acontecerá!<br><b>[2x]</b>'),(24,9,'Yeshua! Yeshua!&nbsp;Yeshua! Yeshua!'),(24,10,'Mas a Igreja será&nbsp;arrebatada,<br>Num piscar de olhos acontecerá!<br><b>[2x]</b>'),(24,11,'Yeshua, o Messias&nbsp;aguardado, Ele vem me buscar (2x)'),(25,1,'<mark class=\"cdx-marker\">Solo:</mark>Já podemos ouvir a voz de Deus neste lugar<br>Fiquemos atentos para ouvir Deus falar<br>Ele fala como quer, é só você usar a fé<br>E verás que esta voz contigo é'),(25,2,'Sua voz soa como um trovão, ela está em cada coração<br>No louvor, na palavra, no testemunho de um irmão<br>No sorriso da criança, no amor,&nbsp;na esperança<br>E até mesmo no pedido de perdão!'),(25,3,'<mark class=\"cdx-marker\">Todas:</mark>Basta somente você crer&nbsp;que esta voz tem o poder,<br>E esta voz está falando com você!'),(25,4,'Quando Ele fala, toda a terra cala <br>Até o inferno tem que obedecer!<br>Ele quebra o arco, despedaça a lança<br>Tempestade em bonança hoje vai fazer!'),(25,5,'Ele levanta a voz,&nbsp;faz a guerra cessar <br>Ele detém o sol, faz a lua parar<br>Ele ordena Seus anjos pra contigo lutar <br>E teus inimigos têm que recuar'),(25,6,'Não importa o problema Deus tem solução,<br>Ele estará contigo em qualquer situação!<br>No mar ou no deserto Deus está por perto!<br>Estende a mão!'),(25,7,'<mark class=\"cdx-marker\"><u class=\"cdx-underline\">Volta em \"Sua voz soa como trovão\"&nbsp;com<br>todo o vocal e repete tudo novamente.</u></mark>'),(25,8,'Ele levanta a voz, faz a guerra cessar<br>Ele detém o sol, faz a lua parar<br>Ele ordena Seus anjos pra contigo lutar <br>E teus inimigos têm que recuar'),(25,9,'Não importa o problema Deus tem solução,<br>Ele estará contigo em qualquer situação!<br>No mar ou no deserto Deus está por perto!<br>Estende a mão (2x)'),(26,1,'<mark class=\"cdx-marker\">Solo:</mark>Abra o&nbsp;seu coração, deixe Deus falar contigo!<br>Ele diz que terminou, Ele diz que acabou,<br>O inimigo está vencido!'),(26,2,'Põe agora a tua fé em Jesus de Nazaré<br>E esqueça a sua luta, vê se agora me escuta, <br>O teu Deus está aqui!'),(26,3,'<mark class=\"cdx-marker\">Todas:&nbsp;</mark>Passe pela luta cantando ao Senhor,<br>Passe pela prova exaltando com amor<br>Passe na fornalha que Ele vai estar lá,<br>Ele pisa na brasa pra lá e pra cá!<br>Você tem um Deus que escreve e apaga,<br>Derruba o inimigo das nossas almas,<br>Mesmo se na cova do leão você está,<br>Ele é o Leão da Tribo de Judá!'),(26,4,'<mark class=\"cdx-marker\">Todas:&nbsp;</mark>Põe agora a&nbsp;tua fé em Jesus de Nazaré<br>E esqueça a sua luta, vê se agora me escuta,<br>O teu Deus está aqui!'),(26,5,'Passe pela luta cantando ao Senhor,<br>Passe pela prova exaltando com amor<br>Passe na fornalha que Ele vai estar lá,<br>Ele pisa na brasa pra lá e pra cá!<br>Você tem um Deus que escreve e apaga,<br>Derruba o inimigo das nossas almas,<br>Mesmo se na cova do leão você está,<br>Ele é o Leão da Tribo de Judá!<br><b>[2x]</b>'),(26,6,'Só Ele é Deus!'),(27,1,'Preciso tanto&nbsp;de uma chance,<br>Sei que o chão não é o meu lugar<br>Estou cansado dessa escuridão<br>É por isso que eu Te espero<br>É por isso que eu Te clamo, Filho de Davi!'),(27,2,'Queria tanto olhar pro céu,<br>Contemplar a grandeza do meu Deus!<br>Diferente da atitude de Tomé,<br>Quero ver porque eu creio, porque eu tenho fé!'),(27,3,'Queria tanto receber<br>A cura, o milagre eu quero ver!<br>Gritarei o Seu nome com muita fé<br>E Ele me atenderá, me colocará de pé...'),(27,4,'Abra... Abra os&nbsp;meus olhos! Dá-me a visão!<br>Eu preciso ver... Eu quero ver aqu’Ele que faz o milagre!<br><b>[2x]</b>'),(27,5,'<mark class=\"cdx-marker\"><u class=\"cdx-underline\">Volta em \"Queria tanto olhar\" e repete tudo novamente.</u></mark><br>'),(27,6,'Toca, toca em&nbsp;meus olhos<br>Abra os meus olhos<br>Quero olhar em Sua face,<br>Esse é o meu sonho<br>Ver a&nbsp;Tua glória,&nbsp;Ver a&nbsp;Tua glória,<br>Esse é o meu&nbsp;sonho... Atenda-me!'),(27,7,'Abra... Abra os&nbsp;meus olhos! Dá-me a visão!<br>Eu preciso ver... Eu quero ver aqu’Ele que faz o milagre!<br><b>[2x]</b>'),(27,8,'Abra... Abra os meus olhos! Dá-me a visão!<br>Eu preciso ver... Eu quero ver<br>Esta é a minha chance...'),(28,1,'<mark class=\"cdx-marker\">Solo:</mark>Calma,&nbsp;tudo o que está acontecendo está sob o olhar de Deus<br>Calma, Deus vai restituir em dobro o que você perdeu<br>Aquela voz que você ouve tentando lhe desanimar...<br>Você chora e parece que o mundo vai desabar...<br>O milagre&nbsp;que não chega, a promessa&nbsp;que não vem...<br>Você se pergunta: Será que Ele vem? Será que Jesus vem!?'),(28,2,'Calma, tudo&nbsp;o que está acontecendo está sob o olhar de Deus<br>Calma, aquieta o seu coração, Ele cuida dos Seus!<br>Não é essa luta, não é essa prova que vai lhe fazer parar!<br>Se levante porque Deus está contigo pra lhe ajudar<br>Está chegando a sua hora, e quem sabe é agora!<br>Mesmo que ninguém lhe veja, Ele sabe onde você está!<br>Então não há porque se preocupar!'),(28,3,'<mark class=\"cdx-marker\">Todas:</mark>Ele não dorme! Ele não falha!<br>Ele não brinca! Ele não tarda! Jesus cumpre o que promete,<br>Não é o homem pra mentir,&nbsp;Ele nunca se esquece!'),(28,4,'Se marcou, assina embaixo! Sua promessa tem data e horário!<br>O tempo é d’Ele, Ele sabe o dia, Sua palavra é a própria profecia!<br>Confia, confia, confia em Deus confia!<br>Confia meu irmão, tem vitória chegando, confia meu irmão!<br>'),(28,5,'Ele não dorme!&nbsp;Ele não falha! <br>Ele não brinca! Ele não tarda!&nbsp;Jesus cumpre o que promete,<br>Não é o homem pra mentir, Ele nunca se esquece!'),(28,6,'Se marcou,&nbsp;assina embaixo! Sua promessa tem data e horário!<br>O tempo é d’Ele, Ele sabe o dia, Sua palavra é a própria profecia!<br>Confia, confia, confia em Deus confia!<br>Confia meu irmão, tem vitória chegando, levante a sua mão!'),(28,7,'Receba, receba, receba agora!&nbsp;<br>Vitória, vitória! Adore, é dia de vitória!<br>É dia de vitória!'),(29,1,'Recebi no meu&nbsp;e-mail&nbsp;um recadinho legal,<br>Dizendo que Jesus é o amigo especial<br>E no final o recadinho diz,&nbsp;sabe o que?<br>Que Ele quer me fazer feliz!'),(29,2,'Adicionei Jesus na minha vida<br>Adicionei Jesus no meu coração<br>Agora estou legal Ele é meu amigo especial!<br><b>[2x]</b>'),(29,3,'A tristeza...&nbsp;Ele deletou!<br>A alegria... Ele adicionou!<br>E o mal... Ele apagou!&nbsp;<br><b>[2x]</b>'),(29,4,'E no final o recadinho diz, sabe o que?<br>Que Ele quer me fazer feliz!'),(29,5,'Adicionei Jesus na minha vida<br>Adicionei Jesus no meu coração<br>Agora estou legal Ele é meu amigo especial!<br><b>[4x]</b>'),(29,6,'A tristeza...&nbsp;Ele deletou!<br>A alegria... Ele adicionou!<br>E o mal... Ele apagou!&nbsp;<br><b>[2x]</b>'),(30,1,'Quero dar o melhor de mim!<br>Quero oferecer sacrifício de louvor!<br>Quero ser bem mais do que já sou,<br>Um adorador por excelência me tornar!'),(30,2,'Eu não vou me importar com o que vai acontecer<br>Eu só quero Te exaltar! Tu És a razão do meu viver!<br>Eu não posso me calar! Tenho adoração em meu DNA!'),(30,3,'Um adorador por excelência...<br>Um adorador por excelência...<br>Um adorador por excelência... Quero ser!'),(30,4,'Quero dar o melhor de mim!<br>Quero oferecer sacrifício de louvor!<br>Quero ser bem mais do que já sou,<br>Um adorador por excelência me tornar!'),(30,5,'Eu não vou me importar com o que vai acontecer<br>Eu só quero Te exaltar! Tu És a razão do meu viver!<br>Eu não posso me calar! Tenho adoração em meu DNA!'),(30,6,'Um adorador por excelência...<br>Um adorador por excelência...<br>Um adorador por excelência... Quero ser!<br><b>[2x]</b>'),(31,1,'<mark class=\"cdx-marker\">Solo:</mark>Como Davi eu abro mão das vestes reais...<br>E sem coroa aos Seus pés vou me prostrar!<br>Se precisar até a cinza eu vou descer e me humilhar!<br>Vou me prostrar diante do altar e Te adorar!'),(31,2,'<mark class=\"cdx-marker\">Todas:</mark>Vou adorar! Vou exaltar! Mesmo na prova eu vou louvar!<br>Vou adorar! Vou exaltar! Mesmo na luta eu vou cantar!<br>Pois não há Deus como Tu, Jeová!'),(31,3,'<mark class=\"cdx-marker\">Todas:&nbsp;</mark>Como Davi eu abro mão das vestes reais...<br>E sem coroa aos Seus pés vou me prostrar!<br>Se precisar até a cinza eu vou descer e me humilhar!<br>Vou me prostrar diante do altar e Te adorar!'),(31,4,'Vou adorar! Vou exaltar! Mesmo na prova eu vou louvar!<br>Vou adorar! Vou exaltar! Mesmo na luta eu vou cantar!<br>Pois não há Deus como Tu, Jeová!'),(31,5,'Não importa&nbsp;a situação ao Teu nome eu vou adorar!<br>Por maior que seja a tribulação simplesmente eu vou adorar!<br>Se o vale quiser me prender, se a muralha na frente estiver<br>Vou Te adorar simplesmente por quem Tu És!'),(31,6,'Vou adorar!&nbsp;Vou exaltar! Mesmo na prova eu vou louvar!<br>Vou adorar! Vou exaltar! Mesmo na luta eu vou cantar!<br>Pois não há Deus como Tu, Jeová!&nbsp;'),(31,7,'Adorado!&nbsp;Exaltado! Magnificado seja o Teu nome!<br>Adonai, El Shaddai, Eloí, Yeshua !<br>Maravilhoso! Conselheiro! Pai da eternidade, Príncipe da paz!<br>És o Deus forte, Tu és Senhor!'),(31,8,'Vou adorar!&nbsp;Vou exaltar! Mesmo na prova eu vou louvar!<br>Vou adorar! Vou exaltar! Mesmo na luta eu vou cantar!<br>Pois não há Deus como Tu, Jeová!'),(32,1,'Eu não preciso ficar de bobeira, eu adoro a Deus!<br>Adoro a Jesus da minha maneira, eu adoro a Deus!<br>Quando pensam que estou caído e fraquinho, estou adorando a Deus<br>Quanto mais pedras me atiram, eu adoro a Deus!'),(32,2,'Adora, Adora,&nbsp;Adora a Deus!<br>Tu adoras, adoras, adoras a Deus!<br>Vou adorando, adorando, adorando a Deus!<br>Adora, Adora, Adora a Deus!'),(32,3,'Quando eu&nbsp; me levanto e proponho para O adorar<br>As cadeias se abrem e as correntes se quebram em meu caminhar<br>O verdadeiro adorador é como o rei Davi,&nbsp;<br>É saltando, correndo, dançando e cantando assim!'),(32,4,'Adora, Adora,&nbsp;Adora a Deus!<br>Tu adoras, adoras, adoras a Deus!<br>Vou adorando, adorando, adorando a Deus!<br>Adora, Adora, Adora a Deus!'),(32,5,'Os irmãos de toda igreja já chegaram aqui,<br>Estou vendo que a glória de Deus começou a fluir<br>A glória de Deus tomou conta de todo esse lugar<br>E vem com a UMADECAP hoje adorar!'),(32,6,'Adora, Adora, Adora a Deus!<br>Tu adoras, adoras,&nbsp;adoras a Deus!<br>Vou adorando, adorando, adorando a Deus! <br>Adora, Adora, Adora a Deus!'),(32,7,'<mark class=\"cdx-marker\"><u class=\"cdx-underline\">Volta ao início e repete tudo novamente.</u></mark>'),(32,8,'Marchando, Marchando, Marchando assim<br>Adorando, Adorando, Adorando assim...'),(33,1,'<mark class=\"cdx-marker\">Solo:</mark>Por Tua morte lá na cruz, Jesus Te adorarei!<br>Pelo sangue derramado, pelo véu que foi rasgado, Te adorarei!<br>Pelo privilégio de aqui estar, poder soltar a minha voz e Te louvar!<br>Por sentir a Sua presença, pela total certeza da Tua existência, Te adorarei!'),(33,2,'Por Teu Santo Espírito que habita em mim,<br>Por Teu grande amor que não tem fim, Te adorarei!<br>Por me inspirar na letra da canção <br>Por cantar agora e sentir Sua unção, Te adorarei!'),(33,3,'<mark class=\"cdx-marker\">Todas:</mark>Te adorarei, Senhor mais uma vez Te adorarei!<br>Fui chamado pra adorar, então adorarei!<br>Sou adorador, foi assim que Deus me fez, então adorarei!<br>Adorarei, Senhor mais uma vez Te adorarei!<br>Fui chamado pra adorar, então adorarei!&nbsp;<br>Sou adorador, foi assim que Deus me fez, então adorarei!'),(33,4,'Ninguém vai me calar, Te adorarei! Está em meu DNA, Te adorarei!<br>Ainda que tirarem minha vida quando chegar aí no Céu Te adorarei!<br><b>[2x]</b>'),(33,5,'Te adorarei, Te adorarei!&nbsp;Quando chegar aí no Céu Te adorarei! (2x)<br>'),(33,6,'<mark class=\"cdx-marker\">Solo:&nbsp;</mark>Por Teu Santo Espírito que habita em mim,<br>Por Teu grande amor que não tem fim, Te adorarei!<br>Por me inspirar na letra da canção<br>Por cantar agora e sentir Sua unção, Te adorarei!'),(33,7,'<mark class=\"cdx-marker\">Todas:&nbsp;</mark>Te adorarei, Senhor mais uma vez Te adorarei!<br>Fui chamado pra adorar, então adorarei!<br>Sou adorador, foi assim que Deus me fez, então adorarei!<br>Adorarei, Senhor mais uma vez Te adorarei!<br>Fui chamado pra adorar, então adorarei!<br>Sou adorador, foi assim que Deus me fez, então adorarei!'),(33,8,'Ninguém vai me calar, Te adorarei! Está em meu DNA, Te adorarei!<br>Ainda que tirarem minha vida quando chegar aí no Céu Te adorarei!<br><b>[2x]</b>'),(33,9,'Te adorarei, Te adorarei!&nbsp;Quando chegar aí no Céu Te adorarei! (6x)'),(34,1,'Adorarei! Adorarei!<br>Pois o véu está rasgado e eu posso entrar! Adorarei...<br>Adorarei! Adorarei!<br>Não me interrompa! Quero adorar...'),(34,2,'Eu li que o véu do templo se rasgou<br>Eu li que agora eu posso adorar!<br>Com o sangue que Jesus por mim derramou<br>Me deu livre acesso pra entrar!'),(34,3,'Ninguém agora vai sentir por mim<br>A tão real presença do Senhor!<br>Sou sacerdócio real! Sou povo adquirido!<br>Sou mais um escolhido pra ser chamado de adorador!'),(34,4,'Adorarei! Adorarei!<br>Pois o véu está rasgado e eu posso entrar! Adorarei...<br>Adorarei! Adorarei!<br>Não me interrompa! Quero adorar...<br>Mesmo chorando... Quero adorar!<br>Faltando tudo... Quero adorar!<br>Mesmo sofrendo... Quero adorar!'),(34,5,'Se tu não gosta de barulho sai de perto de mim, quero adorar!<br>Se tu não gosta de dar glória sai de perto de mim, deixa eu adorar!<br>Deixa eu levantar as minhas mãos...'),(34,6,'Adorarei! Adorarei!<br>Pois o véu está rasgado e eu posso entrar! Adorarei...<br>Adorarei! Adorarei!<br>Não me interrompa! Quero adorar...'),(35,1,'<mark class=\"cdx-marker\">Meninas:&nbsp;</mark>Aaleluia... Aaleluuia...<br>Santo és tu ó Cordeiro de Deus!<br>Aaleluia, Aaleluuia!<br>Santo és tu ó Cordeiro de Deus! Aaleluuia!'),(35,2,'<mark class=\"cdx-marker\">Todos:&nbsp;</mark><u class=\"cdx-underline\">Santo! Santo&nbsp;é o Cordeiro do vivo Deus!<br></u><u class=\"cdx-underline\">Digno Tu és, digno Tu és&nbsp;de todo louvor!<br></u><u class=\"cdx-underline\">Santo é o Cordeiro do vivo Deus!<br></u><u class=\"cdx-underline\">Digno Tu és, digno Tu és! Amém!</u>'),(35,3,'<mark class=\"cdx-marker\">Meninas:</mark>Aaleluia, Aaleluuia!<br>Santo és tu ó Cordeiro de Deus!<br>Aaleluia, Aaleluuia...!'),(35,4,'<mark class=\"cdx-marker\">Todos:</mark><u class=\"cdx-underline\">Santo! Santo é o Cordeiro do vivo Deus!</u><br><u class=\"cdx-underline\">Digno Tu és, digno Tu és&nbsp;de todo louvor!<br></u><u class=\"cdx-underline\">Santo é o Cordeiro do vivo Deus!<br></u><u class=\"cdx-underline\">Digno Tu és, digno Tu és! Amém!</u>'),(36,1,'Aguardo o dia que verei&nbsp;no céu a luz mais forte que o Sol<br>O céu se abrir e ver descer Jesus em majestade força e poder<br>Tristeza e choro não existirão, sofrer e morte&nbsp;lá não entrarão<br>Na eternidade com meu Salvador pra sempre adorarei ao meu Senhor!'),(36,2,'Virá o rei Jesus! Meu coração deseja vê-lo!<br>Em Sua presença pra sempre estar!<br>Aguardo o dia em que Ele vem nos buscar!'),(36,3,'E junto aos santos me unirei, louvor eterno ali entoarei<br>Tua luz a tudo iluminará, pra sempre ó Deus então governarás!'),(36,4,'<u class=\"cdx-underline\">Virá o rei Jesus! Meu coração deseja vê-lo!<br></u><u class=\"cdx-underline\">Em Sua presença pra sempre estar!<br>Aguardo o dia que Ele vem...!<br></u><u class=\"cdx-underline\">Virá o rei Jesus! Meu coração deseja vê-lo!<br></u><u class=\"cdx-underline\">Em Sua presença pra sempre estar!<br></u><u class=\"cdx-underline\">Aguardo o dia em que Ele vem</u>&nbsp;nos buscar!'),(36,5,'Sua vinda&nbsp;aguardo eu cantando; meu lar no céu;<br>Seus passos hei de ouvir soando além do escuro véu.<br><u class=\"cdx-underline\">Passarinhos, belas flores, querem m’encantar;<br></u><u class=\"cdx-underline\">São vãos terrestres esplendores, mas contemplo o meu lar!</u>'),(36,6,'<u class=\"cdx-underline\">Virá o rei Jesus! Meu coração deseja vê-lo!<br></u><u class=\"cdx-underline\">Em Sua presença pra sempre estar!<br>Aguardo o dia&nbsp;que Ele vem...!<br></u><u class=\"cdx-underline\">Virá o rei Jesus! Meu coração deseja vê-lo!<br></u><u class=\"cdx-underline\">Em Sua presença pra sempre estar!<br></u><u class=\"cdx-underline\">Aguardo o dia em que Ele vem</u>&nbsp;nos buscar!'),(37,1,'Existe um rio&nbsp;Senhor, que flui do Teu grande amor<br>Águas que correm do trono, águas que curam, que limpam<br>Por onde o rio passar tudo vai transformar!<br>Pois leva a vida do próprio Deus e este rio está neste lugar!'),(37,2,'Quero beber do Teu rio, Senhor!<br>Sacia a minha sede! Lava o meu interior<br>Eu quero fluir em Tuas águas, eu quero beber da Tua fonte!<br>Fonte de águas vivas... Tu és a fonte, Senhor!'),(37,3,'Existe um rio&nbsp;Senhor, que flui do Teu grande amor<br>Águas que correm do trono, águas que curam, que limpam<br>Por onde o rio passar tudo vai transformar!<br>Pois leva a vida do próprio Deus e este rio está neste lugar!'),(37,4,'Quero beber do&nbsp;Teu rio, Senhor!<br>Sacia a minha sede! Lava o meu interior<br>Eu quero fluir em Tuas águas, eu quero beber da Tua fonte!<br>Fonte de águas vivas...<br>Tu és a fonte, Senhor!&nbsp;Tu és a fonte, Senhor!<br>Tu és o rio, Senhor!'),(38,1,'Aguenta firme, não desista! Continue a lutar<br>As crises e as dores acontecem,<br>Mas chega uma hora aonde elas têm seu fim.<br>Se você não desistir, É pra minha inspiração,<br>Pra também permanecer, Fiel e firme!'),(38,2,'Eu tô contando contigo, Deus tá contando com a gente.<br>O céu inteiro se move, Pra ver a gente vencer.<br><b>[2x]</b>'),(38,3,'Eu só peço ao meu Senhor que entre bem na minha frente <br>E abençoe tua vida!&nbsp;E te faça tão feliz agarrado em Sua presença,<br>Cure as tuas feridas, E te faça vencedor!<br>E te dê a alegria, De ver toda tua casa, Derramada aos seus pés.'),(38,4,'Aguenta firme, não desista! (2x)'),(38,5,'Se você não desistir, É pra minha inspiração,<br>Pra também permanecer, Fiel e firme!'),(38,6,'Eu tô contando contigo, Deus tá contando com a gente.<br>O céu inteiro se move, Pra ver a gente vencer.<br><b>[3x]</b>'),(39,1,'Tu és a minha porção,&nbsp;Tu és a minha herança<br>Tu és o meu socorro nos dias de tribulação!<br>Mesmo que meus pais me deixem, mesmo que amigos me traiam...<br>Eu sei que em Seus braços eu encontro Salvação!'),(39,2,'Ainda que a figueira não floresça,<br>Ainda que a videira não dê o seu fruto...<br>Mesmo que não haja alimento nos campos eu me alegrarei em Ti!<br><b>[2x]</b>'),(39,3,'Tu és a minha porção,&nbsp;Tu és a minha herança<br>Tu és o meu socorro&nbsp;nos dias de tribulação!<br>Mesmo que meus pais me deixem, mesmo que amigos me traiam...<br>Eu sei que em Seus braços eu encontro Salvação!'),(39,4,'Ainda que a figueira não floresça,<br>Ainda que a videira não dê o seu fruto...<br>Mesmo que não haja alimento nos campos eu me alegrarei em Ti!<br><b>[2x]</b>'),(40,1,'Regozijai cantando, rendei louvor<br>Perante o Rei, o Criador!<br>Ajoelhai louvando ao grande <u class=\"cdx-underline\">Deus</u><br>Honra e glória ao Rei <u class=\"cdx-underline\">dos reis!</u>'),(40,2,'Aleluia ao Rei da Glória!&nbsp;Aleluia ao Rei do amor!<br>Aleluia ao Deus de Israel! Ele sempre reinará...<br>Aleluia ao Rei da Glória! Aleluia ao Rei do amor!<br>Aleluia ao Deus de Israel!&nbsp;Ele sempre reinará... Sempre reinará!'),(40,3,'<mark class=\"cdx-marker\"><u class=\"cdx-underline\">Volta ao Início e repete tudo novamente.</u></mark>'),(40,4,'Deus sempre reinará!&nbsp;Deus sempre reinará!<br>Deus sempre reinará! Ele sempre reinará!<br>Sempre reinará!<br>'),(40,5,'Deus sempre reinará!&nbsp;Deus sempre reinará!<br>Deus sempre reinará! Ele sempre reinará!<br>Sempre reinará!&nbsp;&nbsp;'),(40,6,'Deus sempre reinará!&nbsp;Deus sempre reinará!<br>Deus sempre reinará! Ele sempre reinará!<br>Sempre reinará! (2x)'),(40,7,'Aleluia ao&nbsp;Rei da Glória! Aleluia ao Rei do amor!<br>Aleluia ao Deus de Israel! Ele sempre reinará...<br>Aleluia ao Rei da Glória! Aleluia ao Rei do amor!<br>Aleluia ao Deus de Israel! Ele sempre reinará... Sempre reinará!'),(41,1,'Eu creio e vou dizer Deus é bom pra mim!<br>E a cada provação com Ele eu vencerei<br>O inimigo vem tentando me abalar e me derrubar<br>Mas o meu Deus jamais falhou e jamais falhará!'),(41,2,'<mark class=\"cdx-marker\">Meninas:</mark>Não importa o que virá, estou pronto pra dizer:<br><mark class=\"cdx-marker\">Todos:</mark>Aleluia, Celebrai!'),(41,3,'Sem um minuto a mais eu quero ainda lhe dizer<br>Das bênçãos que Ele tem sempre dado a mim<br>Eu vou permanecer e esperar,&nbsp;<br>Ver Deus trabalhar, renovar, mudar o que precisar!'),(41,4,'<mark class=\"cdx-marker\">Meninas:</mark>Não importa o que virá, estou pronto pra dizer:<br><mark class=\"cdx-marker\">Todos:</mark>Aleluia, Celebrai!'),(41,5,'Oh! Alelu...&nbsp;Aleluia Cantai!&nbsp;Alelu... Aleluia louvai!<br>Alelu...&nbsp;Aleluia exaltai! Não&nbsp;importa o que virá<br><mark class=\"cdx-marker\">Meninas:</mark><u class=\"cdx-underline\">Eu vou cantar:</u>'),(41,6,'Oh! Alelu... Aleluia Cantai! Alelu... Aleluia louvai!<br>Alelu...&nbsp;Aleluia exaltai! Não&nbsp;importa o que virá<br><mark class=\"cdx-marker\">Meninas:</mark><u class=\"cdx-underline\">Estou&nbsp;pronto pra dizer:</u>'),(41,7,'<mark class=\"cdx-marker\">Todos:</mark>Alelu... Celebrai!&nbsp;(2x)<br><mark class=\"cdx-marker\">Meninas:</mark><u class=\"cdx-underline\">Cantarei<br></u><u class=\"cdx-underline\"></u><mark class=\"cdx-marker\">Todos:</mark>Alelu...Celebrai! (2x)'),(41,8,'<mark class=\"cdx-marker\"><u class=\"cdx-underline\">Volta ao Início e repete tudo novamente.</u></mark>'),(42,1,'Pai, eu&nbsp;quero&nbsp;Te amar,&nbsp;tocar o Teu coração<br>E me derramar aos Teus pés<br>Mais perto eu quero estar Senhor<br>E Te adorar com tudo o que sou<br>E Te render glória e aleluia!'),(42,2,'Aleluia... Aleluia... Aleluia... Aleluia...'),(42,3,'Quando lutas vierem me derrubar&nbsp;firmado em Ti eu estarei<br>Pois Tu És o meu refúgio, ó Deus!<br>E não importa onde estiver,<br>No vale ou no monte adorarei!<br>A Ti eu canto glória e aleluia!'),(42,4,'Aleluia...&nbsp;Aleluia... Aleluia... Aleluia...'),(42,5,'Senhor, preciso do Teu olhar,&nbsp;ouvir as batidas do Teu coração<br>Me esconder nos Teus braços, ó Pai!<br>Toda minh’alma deseja a Ti,<br>Junto com os anjos cantarei<br>Tu És Santo! Exaltado! Aleluia!'),(42,6,'Aleluia, Aleluia... Aleluia, Aleluia...<br>Aleluia, Aleluia... Aleluia, Aleluia...');
/*!40000 ALTER TABLE `letras` ENABLE KEYS */;
UNLOCK TABLES;

--
-- Table structure for table `musicas`
--

DROP TABLE IF EXISTS `musicas`;
/*!40101 SET @saved_cs_client     = @@character_set_client */;
/*!50503 SET character_set_client = utf8mb4 */;
CREATE TABLE `musicas` (
  `id` int NOT NULL AUTO_INCREMENT,
  `titulo` varchar(200) DEFAULT NULL,
  PRIMARY KEY (`id`)
) ENGINE=InnoDB AUTO_INCREMENT=43 DEFAULT CHARSET=utf8mb4 COLLATE=utf8mb4_0900_ai_ci;
/*!40101 SET character_set_client = @saved_cs_client */;

--
-- Dumping data for table `musicas`
--

LOCK TABLES `musicas` WRITE;
/*!40000 ALTER TABLE `musicas` DISABLE KEYS */;
INSERT INTO `musicas` VALUES (1,'Esperança (Gabriel Guedes)'),(2,'Pelo Sangue'),(3,'A Igreja Vem'),(4,'A Bênção'),(5,'O Espírito de Deus - Sala do Trono'),(6,'A Casa é Sua'),(7,'A Alegria do Senhor'),(8,'A Bíblia'),(9,'A Cada Passo'),(10,'A Casa de Jairo'),(11,'A Colheita'),(12,'A Coroa'),(13,'A Deus dai Louvor'),(14,'A Ele a Glória'),(15,'A Família e a Marca'),(16,'A Força da Oração'),(17,'A Luz do Teu Rosto'),(18,'A Oração'),(19,'A Presença de Deus'),(20,'A Sós com Deus'),(21,'A Ultima Palavra'),(22,'A Vida com Jesus é Doce'),(23,'A Vida é Tudo de Bom'),(24,'Vem me Buscar'),(25,'A Voz de Deus'),(26,'Abra o Seu Coração'),(27,'Abra os Meus Olhos'),(28,'Acalma-me'),(29,'Adicionei Jesus'),(30,'Adorador por Excelência'),(31,'Adorador sem Coroa'),(32,'Adorador'),(33,'Adorarei (Fabiana Anastácio)'),(34,'Adorarei (Samuel Mariano)'),(35,'Agnus Dei'),(36,'Aguardo o Dia'),(37,'Águas Purificadoras'),(38,'Aguente Firme'),(39,'Ainda que a Figueira'),(40,'Aleluia ao Rei da Glória'),(41,'Aleluia, Celebrai'),(42,'Aleluia');
/*!40000 ALTER TABLE `musicas` ENABLE KEYS */;
UNLOCK TABLES;

--
-- Table structure for table `slides`
--

DROP TABLE IF EXISTS `slides`;
/*!40101 SET @saved_cs_client     = @@character_set_client */;
/*!50503 SET character_set_client = utf8mb4 */;
CREATE TABLE `slides` (
  `id_musica` int NOT NULL,
  `pos` smallint NOT NULL,
  `text-slide` text NOT NULL,
  `text-legenda` text NOT NULL,
  `categoria` tinyint NOT NULL,
  `anotacao` varchar(200) DEFAULT NULL,
  PRIMARY KEY (`id_musica`,`pos`),
  KEY `id_musica_idx` (`id_musica`),
  KEY `pos_idx` (`pos`),
  KEY `categoria_idx` (`categoria`),
  CONSTRAINT `categoria` FOREIGN KEY (`categoria`) REFERENCES `categoria_slide` (`id`),
  CONSTRAINT `id_musica_slide` FOREIGN KEY (`id_musica`) REFERENCES `musicas` (`id`)
) ENGINE=InnoDB DEFAULT CHARSET=utf8mb4 COLLATE=utf8mb4_0900_ai_ci;
/*!40101 SET character_set_client = @saved_cs_client */;

--
-- Dumping data for table `slides`
--

LOCK TABLES `slides` WRITE;
/*!40000 ALTER TABLE `slides` DISABLE KEYS */;
INSERT INTO `slides` VALUES (1,1,'<b>Doce presença<br>És meu abrigo<br> Meu protetor<br>Em Ti confio<br></b>','Doce presença, És meu abrigo<br>Meu protetor, Em Ti confio',1,NULL),(1,2,'<b>Mesmo sem ver, <br>eu posso crer<br> Que Tua promessa  está de pé<br></b>','Mesmo sem ver, eu posso crer<br>Que Tua promessa está de pé',1,NULL),(1,3,'<b>Irá se cumprir!<br></b>','Irá se cumprir!',1,NULL),(1,4,'<b><u class=\"cdx-underline\">Quem sou eu<br>pra questionar<br>um Deus fiel?<br></u></b>','Quem sou eu pra questionar um Deus fiel?',1,NULL),(1,5,'<b><u class=\"cdx-underline\">Tu és Deus<br>e Tua palavra<br>está de pé!<br></u></b>','Tu és Deus e Tua palavra está de pé!',1,NULL),(1,6,'<b>És minha <u class=\"cdx-underline\"> âncora</u>,<br> A minha<br><u class=\"cdx-underline\">esperança!</u></b>','És minha âncora,<br>A minha esperança!',1,NULL),(1,7,'<b></b><b><u class=\"cdx-underline\">Em que minha<br>fé firmada está!<br> Eu não temerei</u>,<br><u class=\"cdx-underline\">eu não temerei!</u></b>','Em que minha fé firmada está!<br>Eu não temerei, eu não temerei!',1,NULL),(1,8,'<b>És minha <u class=\"cdx-underline\"> âncora</u>,<br> A minha<br><u class=\"cdx-underline\">esperança!</u></b>','És minha âncora,<br>A minha esperança!',1,NULL),(1,9,'<b></b><b><u class=\"cdx-underline\">Em que minha<br>fé firmada está!<br> Eu não temerei</u>,<br><u class=\"cdx-underline\">eu não temerei!</u></b>','Em que minha fé firmada está!<br>Eu não temerei, eu não temerei!',3,NULL),(1,10,'<b>Doce presença<br>És meu abrigo<br> Meu protetor<br>Em Ti confio<br></b>','Doce presença, És meu abrigo<br>Meu protetor, Em Ti confio',1,NULL),(1,11,'<b>Mesmo sem ver, <br>eu posso crer<br> Que Tua promessa  está de pé<br></b>','Mesmo sem ver, eu posso crer<br>Que Tua promessa está de pé',1,NULL),(1,12,'<b>Irá se cumprir!<br></b>','Irá se cumprir!',1,NULL),(1,13,'<b><u class=\"cdx-underline\">Quem sou eu<br>pra questionar<br>um Deus fiel?<br></u></b>','Quem sou eu pra questionar um Deus fiel?',1,NULL),(1,14,'<b><u class=\"cdx-underline\">Tu és Deus<br>e Tua palavra<br>está de pé!<br></u></b>','Tu és Deus e Tua palavra está de pé!',1,NULL),(1,15,'<b>És minha <u class=\"cdx-underline\"> âncora</u>,<br> A minha<br><u class=\"cdx-underline\">esperança!</u></b>','És minha âncora,<br>A minha esperança!',1,NULL),(1,16,'<b></b><b><u class=\"cdx-underline\">Em que minha<br>fé firmada está!<br> Eu não temerei</u>,<br><u class=\"cdx-underline\">eu não temerei!</u></b>','Em que minha fé firmada está!<br>Eu não temerei, eu não temerei!',1,NULL),(1,17,'<b>És minha <u class=\"cdx-underline\"> âncora</u>,<br> A minha<br><u class=\"cdx-underline\">esperança!</u></b>','És minha âncora,<br>A minha esperança!',1,NULL),(1,18,'<b></b><b><u class=\"cdx-underline\">Em que minha<br>fé firmada está!<br> Eu não temerei</u>,<br><u class=\"cdx-underline\">eu não temerei!</u></b>','Em que minha fé firmada está!<br>Eu não temerei, eu não temerei!',1,NULL),(1,19,'<b><u class=\"cdx-underline\">Eu sei que no<br>vale também<br>estás!</u></b>','Eu sei que no vale também estás!',1,NULL),(1,20,'<b><u class=\"cdx-underline\"></u></b><b><u class=\"cdx-underline\">E sobre o bravo<br>mar me ensina<br>a caminhar!<br></u></b>','E sobre o bravo mar<br>me ensina a caminhar!',1,NULL),(1,21,'<b><u class=\"cdx-underline\">Tu és o quarto<br>homem na<br>fornalha!</u></b>','Tu és o quarto homem na fornalha!',1,NULL),(1,22,'<b><u class=\"cdx-underline\"></u></b><b><u class=\"cdx-underline\">Tu és o meu<br>Deus que<br>não falha!<br></u></b>','Tu és o meu Deus que não falha!',1,NULL),(1,23,'<b><u class=\"cdx-underline\">Eu sei que no<br>vale também<br>estás!</u></b>','Eu sei que no vale também estás!',1,NULL),(1,24,'<b><u class=\"cdx-underline\"></u></b><b><u class=\"cdx-underline\">E sobre o bravo<br>mar me ensina<br>a caminhar!<br></u></b>','E sobre o bravo mar<br>me ensina a caminhar!',1,NULL),(1,25,'<b><u class=\"cdx-underline\">Tu és o quarto<br>homem na<br>fornalha!</u></b>','Tu és o quarto homem na fornalha!',1,NULL),(1,26,'<b><u class=\"cdx-underline\"></u></b><b><u class=\"cdx-underline\">Tu és o meu<br>Deus que<br>não falha!<br></u></b>','Tu és o meu Deus que não falha!',1,'Esperar o final da frase pra passar o slide'),(1,27,'<b>És minha <u class=\"cdx-underline\"> âncora</u>,<br> A minha<br><u class=\"cdx-underline\">esperança!</u></b>','És minha âncora,<br>A minha esperança!',1,NULL),(1,28,'<b></b><b><u class=\"cdx-underline\">Em que minha<br>fé firmada está!<br> Eu não temerei</u>,<br><u class=\"cdx-underline\">eu não temerei!</u></b>','Em que minha fé firmada está!<br>Eu não temerei, eu não temerei!',1,NULL),(1,29,'<b>És minha <u class=\"cdx-underline\"> âncora</u>,<br> A minha<br><u class=\"cdx-underline\">esperança!</u></b>','És minha âncora,<br>A minha esperança!',1,NULL),(1,30,'<b></b><b><u class=\"cdx-underline\">Em que minha<br>fé firmada está!<br> Eu não temerei</u>,<br><u class=\"cdx-underline\">eu não temerei!</u></b>','Em que minha fé firmada está!<br>Eu não temerei, eu não temerei!',1,NULL),(2,1,'<b><mark class=\"cdx-marker\">Homens:&nbsp;<br></mark></b>O sacrifício vivo<br> Se entregou<br>por mim!<br>','O sacrifício vivo<br>Se entregou por mim!',1,NULL),(2,2,'Com armas de<br>amor Ele lutou<br>até o fim!<br>','Com armas de amor<br>Ele lutou até o fim!',1,NULL),(2,3,'Vestido de<br>silêncio, o<br>semblante<br>era de dor! <br>','Vestido de silêncio,<br>O semblante era de dor!',1,NULL),(2,4,'A todos que<br>O feriu lá<br>no Calvário<br>perdoou!<br>','A todos que O feriu<br>Lá no Calvário perdoou!',1,NULL),(2,5,'<b><mark class=\"cdx-marker\">Meninas:</mark></b> <br>Subiu naquela <br> cruz sem nada reclamar!<br>','Subiu naquela cruz sem nada reclamar!',1,NULL),(2,6,'Cordeiro<br>imaculado<br>que sofreu<br>por me amar!<br>','Cordeiro imaculado que<br>sofreu por me amar!',1,NULL),(2,7,'E a minha vida<br>foi lavada pelo sangue de Jesus!<br>','E a minha vida foi lavada<br>pelo sangue de Jesus!',1,NULL),(2,8,'Minha história<br>dividiu, antes<br>e depois!<br>','Minha história dividiu, antes e depois!',1,NULL),(2,9,'Pelo sangue,<br>Pelo sangue<br>de Jesus!<br>','Pelo sangue, Pelo sangue de Jesus!',1,NULL),(2,10,'<b><mark class=\"cdx-marker\">Todos:&nbsp;</mark>Fui salvo<br>pelo sangue! <br> Fui curado<br>pelo sangue!</b>','Fui salvo pelo sangue!<br>Fui curado pelo sangue!',1,NULL),(2,11,'<b></b><b>Fui liberto<br>pelo sangue!<br> Fui comprado<br>pelo sangue!<br></b>','Fui liberto pelo sangue!<br>Fui comprado pelo sangue!',1,NULL),(2,12,'<b>O sangue de<br>Jesus que me<br>leva até o céu!<br></b>','O sangue de Jesus que<br>me leva até o céu!',1,NULL),(2,13,'<b>O sangue de<br>Jesus, vermelho,<br>forte e fiel!<br></b>','O sangue de Jesus,<br>vermelho, forte e fiel!',1,NULL),(2,14,'<b>Suportou a<br>cruz a&nbsp;preço<br>de sangue<br>por amor!</b>','Suportou a cruz a preço<br>de sangue por amor!',1,NULL),(2,15,'<b></b><b>Precioso<br>sangue de<br>Jesus!<br></b>','Precioso sangue de Jesus!',3,NULL),(2,16,'<b><mark class=\"cdx-marker\">Homens:<br></mark></b>O sacrifício vivo <br> eu quero ser<br>pra Deus!<br>','O sacrifício vivo eu<br>quero ser pra Deus!',1,NULL),(2,17,'Tão puro e<br>agradável como<br>Cristo ofereceu!<br>','Tão puro e agradável<br>como Cristo ofereceu!',1,NULL),(2,18,'Com a Sua<br>verdade vou me<br>comprometer!<br>','Com a Sua verdade<br>vou me comprometer!',1,NULL),(2,19,'E ser exemplo<br>vivo de Sua<br>graça e poder!<br>','E ser exemplo vivo de<br>Sua graça e poder!',1,NULL),(2,20,'<b><mark class=\"cdx-marker\">Meninas:</mark></b> <br>Amar como<br>a mim mesmo <br> a quem me odiar!<br>','Amar como a mim mesmo<br>a quem me odiar!',1,NULL),(2,21,'Usar as minhas<br>mãos pra outras<br> mãos abençoar!<br>','Usar as minhas mãos pra<br>outras mãos abençoar!',1,NULL),(2,22,'<b><mark class=\"cdx-marker\">Todos:</mark>  E já não<br>vivo eu, mas<br> agora Jesus Cristo<br>vive em mim!<br></b>','E já não vivo eu, mas agora<br>Jesus Cristo vive em mim!',1,NULL),(2,23,'<b>O meu passado apagou!<br>Tudo perdoou!<br></b>','O meu passado apagou!<br>Tudo perdoou!',1,NULL),(2,24,'<b>Pelo sangue,<br>Pelo sangue<br>de Jesus!<br></b>','Pelo sangue, Pelo sangue de Jesus!',1,NULL),(2,25,'<b>Fui salvo<br>pelo sangue! <br> Fui curado<br>pelo sangue!<br></b>','Fui salvo pelo sangue! <br>Fui curado pelo sangue!',1,NULL),(2,26,'<b>Fui liberto<br>pelo sangue!<br> Fui comprado<br>pelo sangue!<br></b>','Fui liberto pelo sangue!<br>Fui comprado pelo sangue!',1,NULL),(2,27,'<b>O sangue de<br>Jesus que me<br>leva até o céu!<br></b>','O sangue de Jesus que<br>me leva até o céu!',1,NULL),(2,28,'<b>O sangue de<br>Jesus, vermelho,<br>forte e fiel!<br></b>','O sangue de Jesus,<br>vermelho, forte e fiel!',1,NULL),(2,29,'<b>Suportou a<br>cruz&nbsp;a preço<br>de sangue<br>por amor!</b>','Suportou a cruz a preço<br>de sangue por amor!',1,NULL),(2,30,'<b></b><b>Precioso<br>sangue de<br>Jesus!<br></b>','Precioso sangue de Jesus!',1,NULL),(2,31,'<b>Fui salvo<br>pelo sangue! <br> Fui curado<br>pelo sangue!<br></b>','Fui salvo pelo sangue! <br>Fui curado pelo sangue!',1,NULL),(2,32,'<b>Fui liberto<br>pelo sangue!<br> Fui comprado<br>pelo sangue!<br></b>','Fui liberto pelo sangue!<br>Fui comprado pelo sangue!',1,NULL),(2,33,'<b>O sangue de<br>Jesus que me<br>leva até o céu!<br></b>','O sangue de Jesus que<br>me leva até o céu!',1,NULL),(2,34,'<b>O sangue de<br>Jesus, vermelho,<br>forte e fiel!<br></b>','O sangue de Jesus,<br>vermelho, forte e fiel!',1,NULL),(2,35,'<b>Suportou a<br>cruz a&nbsp;preço<br>de sangue<br>por amor!</b>','Suportou a cruz a preço<br>de sangue por amor!',1,NULL),(2,36,'<b></b><b>Precioso<br>sangue de<br>Jesus!<br></b>','Precioso sangue de Jesus!',1,NULL),(3,1,'<b><u class=\"cdx-underline\">Glória,<br>Rompendo em Glória<br> De Glória em Glória,<br>Reflete a Glória</u><br></b>','Glória, Rompendo em Glória<br>De Glória em Glória, Reflete a Glória',1,NULL),(3,2,'<b><u class=\"cdx-underline\">A Igreja vem<br>com  aqu’Ele<br>que brilha mais<br>que a luz do sol</u></b>','A Igreja vem com aqu’Ele que<br>brilha mais que a luz do sol!',1,NULL),(3,3,'<b><u class=\"cdx-underline\">Dissipando<br>as trevas,<br>destruindo o mal</u></b>','Dissipando as trevas, destruindo o mal',1,NULL),(3,4,'<b></b><b><u class=\"cdx-underline\">A Sua face é um  refletor de Glória, <br> O céu derrama a Glória porque<br>a Igreja vem,</u></b>','A Sua face é um refletor de Glória, o céu derrama a Glória porque a Igreja vem, ',1,NULL),(3,5,'<b></b><b><u class=\"cdx-underline\">Arrebentando<br>com as portas<br>do inferno</u></b>','Arrebentando com as portas do inferno',1,NULL),(3,6,'<b> <u class=\"cdx-underline\">Com barulho de<br>milagre,  levantando<br>um exército de vidas</u><br></b>','Com barulho de milagre,<br>levantando um exército de vidas',1,NULL),(3,7,'<mark class=\"cdx-marker\">Solo:<br></mark>É a Igreja Santa,<br>aqui perseguida...<br>','É a Igreja Santa, aqui perseguida...',1,NULL),(3,8,'Tentaram acabar<br>com a base da Igreja<br> Sem ela a Terra<br>não povoaria o céu<br>','Tentaram acabar com a base da Igreja<br>Sem ela a Terra não povoaria o céu',1,NULL),(3,9,'Ela não teria força<br>pra adorar, não<br>haveria missionário<br>em todo lugar','Ela não teria força pra adorar, não<br>haveria missionário em todo lugar',1,NULL),(3,10,'Mas o plano&nbsp;não<br>deu certo...<br>não, não!<br>','Mas o plano não deu certo... não, não!',1,NULL),(3,11,'Tentaram nos calar<br>matando alguns<br>irmãos, mas nada<br>adiantou surgiram<br>mais cristãos!<br>','Tentaram nos calar matando alguns irmãos, mas nada adiantou surgiram mais cristãos!',1,NULL),(3,12,'<b><u class=\"cdx-underline\">Louvando<br>como Paulo  e<br>Silas na prisão</u>,</b>','Louvando como Paulo e Silas na prisão,',1,NULL),(3,13,'Movendo   o<br>grande   céu,<br>estremecendo o chão,<br>Assumindo a missão!<br>','Movendo  o  grande  céu estremecendo<br>o chão, assumindo a missão!',1,NULL),(3,14,'<u class=\"cdx-underline\"><b>O plano do Senhor,<br>é o que prevaleceu!</b><br></u> Há   quase   dois<br>mil anos a Igreja<br>só cresceu!<br>','O plano do Senhor, é o que prevaleceu!<br>Há  quase  dois  mil anos a Igreja só cresceu!',1,NULL),(3,15,'<u class=\"cdx-underline\"><b>Jesus é a cabeça,   nos ensina a trabalhar</b></u><br> A base é muito forte, nada pode abalar<br>','Jesus é a cabeça,  nos ensina a trabalhar<br>A base é muito forte, nada pode abalar',1,NULL),(3,16,'Por isso o inferno<br>vive a chorar<br> A Igreja não descansa  o tempo todo esta lá<br>','Por isso o inferno vive a chorar<br>A Igreja não descansa o tempo todo esta lá',1,NULL),(3,17,'Brilhando em toda  parte a Igreja vem Quebrando cativeiros pra salvar alguém...','Brilhando em toda parte a Igreja vem<br>Quebrando cativeiros pra salvar alguém...',1,NULL),(3,18,'  A Igreja vem!<br>','A Igreja vem!',1,NULL),(3,19,'<b><u class=\"cdx-underline\">A Igreja vem<br>com  aqu’Ele<br>que brilha mais<br>que a luz do sol</u></b>','A Igreja vem com aqu’Ele que<br>brilha mais que a luz do sol!',1,NULL),(3,20,'<b><u class=\"cdx-underline\">Dissipando<br>as trevas,<br>destruindo o mal</u></b>','Dissipando as trevas, destruindo o mal',1,NULL),(3,21,'<b></b><b><u class=\"cdx-underline\">A Sua face é um  refletor de Glória, <br> O céu derrama a Glória porque<br>a Igreja vem,</u></b>','A Sua face é um refletor de Glória, o céu derrama a Glória porque a Igreja vem, ',1,NULL),(3,22,'<b></b><b><u class=\"cdx-underline\">Arrebentando<br>com as portas<br>do inferno</u></b>','Arrebentando com as portas do inferno',1,NULL),(3,23,'<b> <u class=\"cdx-underline\">Com barulho de<br>milagre,  levantando<br>um exército de vidas</u><br></b>','Com barulho de milagre,<br>levantando um exército de vidas',1,NULL),(3,24,'<b><u class=\"cdx-underline\">É a Igreja Santa,</u></b><br>aqui perseguida...<br>','É a Igreja Santa, aqui perseguida...',1,NULL),(3,25,'O plano do Senhor,<br>é o que prevaleceu<br><b>[<u class=\"cdx-underline\"> Oh, Oh, Oh</u> ]</b><br> Há   quase   dois   mil   anos a Igreja só cresceu!<br>','\n\nO plano do Senhor, é o que prevaleceu!<br>Há quase dois mil anos a Igreja só cresceu!\n\n',1,NULL),(3,26,'<b><u class=\"cdx-underline\">Jesus é a cabeça,   nos ensina a trabalhar</u><br></b> A base é muito forte, nada pode abalar<br>','Jesus é a cabeça,  nos ensina a trabalhar<br>A base é muito forte, nada pode abalar',1,NULL),(3,27,'Por isso o inferno<br>vive a chorar<br><b> <u class=\"cdx-underline\">A Igreja não descansa  o tempo todo esta lá</u></b><br>','Por isso o inferno vive a chorar<br>A Igreja não descansa o tempo todo esta lá',1,NULL),(3,28,'Brilhando em toda  parte a Igreja vem Quebrando cativeiros pra salvar alguém...','Brilhando em toda parte a Igreja vem<br>Quebrando cativeiros pra salvar alguém...',1,NULL),(3,29,'  A Igreja vem!<br>','A Igreja vem!',1,NULL),(3,30,'<b><u class=\"cdx-underline\">A Igreja vem<br>com  aqu’Ele<br>que brilha mais<br>que a luz do sol</u></b>','A Igreja vem com aqu’Ele que<br>brilha mais que a luz do sol!',1,NULL),(3,31,'<b><u class=\"cdx-underline\">Dissipando<br>as trevas,<br>destruindo o mal</u></b>','Dissipando as trevas, destruindo o mal',1,NULL),(3,32,'<b></b><b><u class=\"cdx-underline\">A Sua face é um  refletor de Glória, <br> O céu derrama a Glória porque<br>a Igreja vem,</u></b>','A Sua face é um refletor de Glória, o céu derrama a Glória porque a Igreja vem, ',1,NULL),(3,33,'<b></b><b><u class=\"cdx-underline\">Arrebentando<br>com as portas<br>do inferno</u></b>','Arrebentando com as portas do inferno',1,NULL),(3,34,'<b> <u class=\"cdx-underline\">Com barulho de<br>milagre,  levantando<br>um exército de vidas</u><br></b>','Com barulho de milagre,<br>levantando um exército de vidas',1,NULL),(3,35,'<b><u class=\"cdx-underline\">É a Igreja Santa,</u></b><br>aqui perseguida...<br>','É a Igreja Santa, aqui perseguida...',1,NULL),(3,36,'O Noivo vem aí<br><b>[<u class=\"cdx-underline\"> Uh, Uh</u> ]<br></b> A Igreja está se preparando<br><b>[<u class=\"cdx-underline\"> Uh, Uh, Uh, Uh, Uh</u> ]<br></b>','O Noivo vem aí,&nbsp;a Igreja<br>está se preparando',1,NULL),(3,37,'Pra cantar no coral<br><b> [<u class=\"cdx-underline\">Uh, Uh, Uh, Uh, Uh</u>]</b><br>Junto com os anjos<br>','Pra cantar no coral<br>Junto com os anjos',1,NULL),(3,38,'<b><u class=\"cdx-underline\">[Glória]</u></b><br>O Noivo vem aí<br><b> <u class=\"cdx-underline\">[Rompendo em Glória]</u></b><br>Ele está te convidando<br> <b><u class=\"cdx-underline\">[De Glória em Glória]</u></b> <br>','O Noivo vem aí,&nbsp;a Igreja<br>está se preparando',1,NULL),(3,39,'Pra cantar no coral<br> <b><u class=\"cdx-underline\">[Reflete a Glória]</u></b><br> Junto com os anjos<br>','Pra cantar no coral<br>Junto com os anjos',1,NULL),(3,40,'<b><u class=\"cdx-underline\">A Igreja vem... Vem!<br>Mais que a luz do sol<br> Dissipando as trevas,<br>destruindo o mal</u></b><br>','A Igreja vem... Vem! Mais que a luz do sol<br>Dissipando as trevas , destruindo o mal',1,NULL),(3,41,'<b></b><b><u class=\"cdx-underline\">A Sua face é um  refletor de Glória, <br> O céu derrama a Glória porque<br>a Igreja vem,</u></b>','A Sua face é um refletor de Glória, o céu derrama a Glória porque a Igreja vem, ',1,NULL),(3,42,'<b></b><b><u class=\"cdx-underline\">Arrebentando<br>com as portas<br>do inferno</u></b>','Arrebentando com as portas do inferno',1,NULL),(3,43,'<b> <u class=\"cdx-underline\">Com barulho de<br>milagre,  levantando<br>um exército de vidas</u><br></b>','Com barulho de milagre,<br>levantando um exército de vidas',1,NULL),(3,44,'É a Igreja Santa...<br>','É a Igreja Santa...',1,NULL),(3,45,'<b><u class=\"cdx-underline\">A Igreja vem<br>com  aqu’Ele<br>que brilha mais<br>que a luz do sol</u></b>','A Igreja vem com aqu’Ele que<br>brilha mais que a luz do sol!',1,NULL),(3,46,'<b><u class=\"cdx-underline\">Dissipando<br>as trevas,<br>destruindo o mal</u></b>','Dissipando as trevas, destruindo o mal',1,NULL),(3,47,'<b></b><b><u class=\"cdx-underline\">A Sua face é um  refletor de Glória, <br> O céu derrama a Glória porque<br>a Igreja vem,</u></b>','A Sua face é um refletor de Glória, o céu derrama a Glória porque a Igreja vem, ',1,NULL),(3,48,'<b></b><b><u class=\"cdx-underline\">Arrebentando<br>com as portas<br>do inferno</u></b>','Arrebentando com as portas do inferno',1,NULL),(3,49,'<b> <u class=\"cdx-underline\">Com barulho de<br>milagre,  levantando<br>um exército de vidas</u><br></b>','Com barulho de milagre,<br>levantando um exército de vidas',1,NULL),(3,50,'<b><u class=\"cdx-underline\">É a Igreja Santa,</u></b><br>aqui perseguida...<br>','É a Igreja Santa, aqui perseguida...',1,NULL),(4,1,'<mark class=\"cdx-marker\">Meninas:</mark>Que o Senhor te abençoe&nbsp;<br>E faça brilhar<br>Seu rosto em ti! <br>','Que o Senhor te abençoe<br>E faça brilhar Seu rosto em ti!',1,NULL),(4,2,'Que conceda<br>Sua graça e<br>te dê a paz!<br>','Que conceda Sua graça e te dê a paz!',1,NULL),(4,3,'Amém!<br>Amém!<br>Amém!<br>2x','Amém! Amém! Amém! (2x)',1,NULL),(4,4,'<mark class=\"cdx-marker\">Todos:</mark><b>Que o Senhor te abençoe<br>E faça brilhar<br>Seu rosto em ti! </b><br>','Que o Senhor te abençoe<br>E faça brilhar Seu rosto em ti!',1,NULL),(4,5,'<b>Que conceda<br>Sua graça e<br>te dê a paz!<br></b>','Que conceda Sua graça e te dê a paz!',1,NULL),(4,6,'<b>Amém!<br>Amém!<br>Amém!<br>2x</b>','Amém! Amém! Amém! (2x)',1,NULL),(4,7,'<mark class=\"cdx-marker\">Homens:<br></mark>Que a bênção<br>se derrame até<br>mil gerações!<br>','Que a bênção se derrame<br>até mil gerações!',1,NULL),(4,8,'Tua família e teus filhos&nbsp;e os filhos<br>dos teus filhos!<br>','Tua família e teus filhos<br>E os filhos dos teus filhos!',1,NULL),(4,9,'<mark class=\"cdx-marker\">Meninas:<br></mark>Que a bênção<br>se derrame até<br>mil gerações!<br>','Que a bênção se derrame<br>até mil gerações!',1,NULL),(4,10,'Tua família e teus filhos&nbsp;e os filhos<br>dos teus filhos!','Tua família e teus filhos<br>E os filhos dos teus filhos!',1,NULL),(4,11,'<mark class=\"cdx-marker\">Todos:<br></mark><b>Que a bênção<br>se derrame até<br>mil gerações!</b><br>','Que a bênção se derrame<br>até mil gerações!',1,NULL),(4,12,'<b>Tua família<br>e teus filhos<br>e os filhos dos<br>teus filhos!</b>','Tua família e teus filhos<br>E os filhos dos teus filhos!',1,NULL),(4,13,'<b>Que a bênção<br>se derrame até<br>mil gerações!</b><br>','Que a bênção se derrame<br>até mil gerações!',1,NULL),(4,14,'<b>Tua família<br>e teus filhos<br>e os filhos dos<br>teus filhos!</b>','Tua família e teus filhos<br>E os filhos dos teus filhos!',1,NULL),(4,15,'<b>Sua presença<br>te acompanhe <br> por detrás e<br>por diante <br></b>','Sua presença te acompanhe<br>por detrás e por diante',1,NULL),(4,16,'<b>Do teu lado<br>e em ti <br> É contigo!<br>É por ti!<br></b>','Do teu lado e em ti<br>É contigo! É por ti!',1,NULL),(4,17,'<b>Sua presença<br>te acompanhe <br> por detrás e<br>por diante <br></b>','Sua presença te acompanhe<br>por detrás e por diante',1,NULL),(4,18,'<b>Do teu lado<br>e em ti <br> É contigo!<br>É por ti!<br></b>','Do teu lado e em ti<br>É contigo! É por ti!',1,NULL),(4,19,'<b>E de dia e<br>de noite<br> Tua entrada<br>e saída <br></b>','E de dia e de noite<br>Tua entrada e saída',1,NULL),(4,20,'<b>Em teu riso,<br>Em teu choro<br> É contigo!<br>É por ti!<br></b>','Em teu riso, Em teu choro<br>É contigo! É por ti!',1,NULL),(4,21,'<b>É contigo! É por ti!<br>É contigo! É por ti!<br> É contigo! É por ti!<br>É contigo! É por ti!<br></b>','É contigo! É por ti! É contigo! É por ti!<br>É contigo! É por ti! É contigo! É por ti!',1,NULL),(4,22,'<b>Amém!<br>Amém!<br>Amém!<br>4x<br></b>','Amém! Amém! Amém! (4x)',1,NULL),(5,1,'<b>O Espírito de<br>Deus está aqui...<br></b><b>Operando  em nossos corações<br></b>','O Espírito de Deus está aqui...<br>Operando em nossos corações',1,NULL),(5,2,'<b>Trazendo  Sua<br>vida  e poder!<br></b><b>Ministrando Sua graça  e amor!<br></b>','Trazendo Sua vida e poder!<br>Ministrando Sua graça e amor!',1,NULL),(5,3,'<b>Os feridos de<br>alma são curados!<br></b><b>Os cativos e oprimidos livres são!<br></b>','Os feridos de alma são curados!<br>Os cativos e oprimidos livres são!',1,NULL),(5,4,'<b>Os enfermos  e doentes  são sarados<br></b>','Os enfermos e doentes são sarados',1,NULL),(5,5,'<b>Pois o Espírito de Deus  está aqui!<br></b><b>O Espírito  de Deus  está aqui!<br></b>','Pois o Espírito de Deus está aqui!<br>O Espírito de Deus está aqui!',1,NULL),(5,6,'<b>O Espírito de<br>Deus está aqui...<br></b><b>Operando  em nossos corações<br></b>','O Espírito de Deus está aqui...<br>Operando em nossos corações',1,NULL),(5,7,'<b>Trazendo  Sua<br>vida  e poder!<br></b><b>Ministrando Sua graça  e amor!<br></b>','Trazendo Sua vida e poder!<br>Ministrando Sua graça e amor!',1,NULL),(5,8,'<b>Os feridos de<br>alma são curados!<br></b><b>Os cativos e oprimidos livres são!<br></b>','Os feridos de alma são curados!<br>Os cativos e oprimidos livres são!',1,NULL),(5,9,'<b>Os enfermos  e doentes  são sarados<br></b>','Os enfermos e doentes são sarados',1,NULL),(5,10,'<b>Pois o Espírito de Deus  está aqui!<br></b><b>O Espírito  de Deus  está aqui!<br></b>','Pois o Espírito de Deus está aqui!<br>O Espírito de Deus está aqui!',1,NULL),(5,11,'<b><u class=\"cdx-underline\">Pai,  eu quero contemplar<br> Tua  glória e majestade!</u></b><br>','Pai, eu quero contemplar<br>Tua glória e majestade!',1,NULL),(5,12,'<b><u class=\"cdx-underline\">Pai, eu quero<br>Te adorar<br> Em Espírito e<br>em verdade!</u></b><br>','Pai , eu quero Te adorar<br>Em Espírito e em verdade!',1,NULL),(5,13,'<b>Não apenas no<br>átrio ou no<br>Santo Lugar</b><br>','Não apenas no átrio<br>ou no santo lugar<br>',1,NULL),(5,14,'<b><u class=\"cdx-underline\">Eu quero Te entronizar entre<br>os querubins!</u></b>','Eu quero Te entronizar<br>entre os querubins!',1,NULL),(5,15,'<mark class=\"cdx-marker\">Meninas:</mark> <br> Oh! Leva-me à sala<br>do trono pelo novo<br>e vivo caminho<br>','Oh! Leva-me à sala do trono<br>pelo novo e vivo caminho',1,NULL),(5,16,'<mark class=\"cdx-marker\">Todos:</mark> <br><b> Pelo sangue<br>de Jesus, eterno<br>Sumo Sacerdote</b>!<br>','Pelo sangue de Jesus,<br>Eterno Sumo Sacerdote!',1,NULL),(5,17,'<b>Oh!  <u class=\"cdx-underline\">Leva-me à<br>sala do trono<br> Pra Te adorar,   Senhor!</u><br></b>','Oh! Leva-me à sala do trono<br>Pra Te adorar,  Senhor!',1,NULL),(5,18,'<b>Oh!  <u class=\"cdx-underline\">Leva-me à<br>sala do trono<br> Pra Te adorar, Senhor! (3x)</u><br></b>','Oh! Leva-me à sala do trono<br>Pra Te adorar,  Senhor! (3x)',1,NULL),(6,1,'<b>Você é<br>Bem-vindo aqui!<br>A casa é Sua,<br>pode entrar!</b>','Você é Bem-vindo aqui!<br>A casa é Sua, pode entrar!',1,NULL),(6,2,'<b>Me esvazio<br>de mim!<br>Me esvazio<br>de mim!</b>','Me esvazio de mim!<br>Me esvazio de mim!',1,NULL),(6,3,'<b>Sopra o Teu<br>vento aqui!<br>Toma o Teu trono Vem reinar...</b>','Sopra o Teu vento aqui!<br>Toma o Teu trono, vem reinar...',1,NULL),(6,4,'<b>Nós queremos<br>Te ouvir!<br>Nós queremos<br>Te ouvir!</b>','Nós queremos Te ouvir!<br>Nós queremos Te ouvir!',1,NULL),(6,5,'<b>Essa casa<br>é Sua casa<br>Nós deixamos ela pra Você, Jesus!<br>4x</b>','Essa casa é Sua casa<br>Nós deixamos ela pra Você, Jesus! (4x)',1,NULL),(6,6,'<b>Apareça! Que o<br>Teu nome cresça!<br>Enche este lugar!<br>Enche este lugar!</b>','Apareça! Que o Teu nome cresça!<br>Enche este lugar! Enche este lugar!',1,NULL),(6,7,'<b>Apareça! Que o <br>Teu nome cresça!<br>Vem me incendiar!<br>Vem me incendiar!</b>','Apareça! Que o Teu nome cresça!<br>Vem me incendiar! Vem me incendiar!',1,NULL),(6,8,'<b>Apareça! Que o<br>Teu nome cresça!<br>Enche este lugar!<br>Enche este lugar!</b>','Apareça! Que o Teu nome cresça!<br>Enche este lugar! Enche este lugar!',1,NULL),(6,9,'<b>Apareça! Que o <br>Teu nome cresça!<br>Vem me incendiar!<br>Vem me incendiar!</b>','Apareça! Que o Teu nome cresça!<br>Vem me incendiar! Vem me incendiar!',1,NULL),(6,10,'<b>Essa casa<br>é Sua casa<br>Nós deixamos ela pra Você, Jesus!<br>4x</b>','Essa casa é Sua casa<br>Nós deixamos ela pra Você, Jesus! (4x)',1,NULL),(6,11,'<b>Apareça! Que o<br>Teu nome cresça!<br>Enche este lugar!<br>Enche este lugar!</b>','Apareça! Que o Teu nome cresça!<br>Enche este lugar! Enche este lugar!',1,NULL),(6,12,'<b>Apareça! Que o <br>Teu nome cresça!<br>Vem me incendiar!<br>Vem me incendiar!</b>','Apareça! Que o Teu nome cresça!<br>Vem me incendiar! Vem me incendiar!',1,NULL),(6,13,'<b>Apareça! Que o<br>Teu nome cresça!<br>Enche este lugar!<br>Enche este lugar!</b>','Apareça! Que o Teu nome cresça!<br>Enche este lugar! Enche este lugar!',1,NULL),(6,14,'<b>Apareça! Que o <br>Teu nome cresça!<br>Vem me incendiar!<br>Vem me incendiar!</b>','Apareça! Que o Teu nome cresça!<br>Vem me incendiar! Vem me incendiar!',1,NULL),(6,15,'<b>Essa casa<br>é Sua casa<br>Nós deixamos ela pra Você, Jesus!<br>4x</b>','Essa casa é Sua casa<br>Nós deixamos ela pra Você, Jesus! (4x)',1,NULL),(7,1,'<b>A alegria do Senhor<br>é minha força,<br>é minha força<br>&nbsp;4x</b>','A alegria do Senhor é minha força,<br>é minha força! (4x)',1,NULL),(7,2,'<b>Sou uma criança feliz, Deus me<br>fez assim,</b>','Sou uma criança feliz, Deus me fez assim,',1,NULL),(7,3,'<b>Gosto de ler e estudar, minhas tarefinhas fazer</b>','Gosto de ler e estudar,<br>minhas tarefinhas fazer',1,NULL),(7,4,'<b>Eu agradeço<br>ao Papai do Céu<br>por ter me dado a<br>alegria de viver!</b>','Eu agradeço ao Papai do Céu&nbsp;por<br>ter me dado a alegria de viver!',1,NULL),(7,5,'<b>Eu não vou me esquecer do Seu grande amor!</b>','Eu não vou me esquecer<br>do Seu grande amor!',1,NULL),(7,6,'<b>A alegria do Senhor<br>é minha força,<br>é minha força!<br>2x</b>','A alegria do Senhor é minha força,<br>é minha força! (2x)',1,NULL),(7,7,'<b>Sou uma criança feliz, Deus me<br>fez assim,</b>','Sou uma criança feliz, Deus me fez assim,',1,NULL),(7,8,'<b>Eu canto e louvo<br>ao Senhor, pois<br>Ele é bom<br>pra mim!</b>','Eu canto e louvo ao Senhor,<br>pois Ele é bom pra mim!',1,NULL),(7,9,'<b>Falo com o Papai<br>do Céu, de olhinhos fechados</b>','Falo com o Papai do Céu,<br>de olhinhos fechados',1,NULL),(7,10,'<b>Pra Ele abençoar meus coleguinhas também!</b>','Pra Ele abençoar meus<br>coleguinhas também!',1,NULL),(7,11,'<b>A alegria do Senhor<br>é minha força,<br>é minha força!<br>2x</b>','A alegria do Senhor é minha força,<br>é minha força! (2x)',1,'Esperar um pouco'),(7,12,'<b>Eu canto, danço,<br>pulo, corro,<br>grito, rodo,<br>abaixo, levanto,</b>','Eu canto, danço, pulo, corro,<br>grito, rodo, abaixo, levanto,',1,NULL),(7,13,'<b>Abro os braços<br>e te dou<br>um abraço&nbsp;e<br>um sorriso!</b>','Abro os braços e te dou<br>um abraço e um sorriso!',1,NULL),(7,14,'<b>Eu canto, danço,<br>pulo, corro,<br>grito, rodo,<br>abaixo, levanto,</b>','Eu canto, danço, pulo, corro,<br>grito, rodo, abaixo, levanto,',1,NULL),(7,15,'<b>Abro os braços<br>e te dou<br>um abraço&nbsp;e<br>um sorriso!</b>','Abro os braços e te dou<br>um abraço e um sorriso!',1,NULL),(7,16,'<b>A alegria do Senhor<br>é minha força,<br>é minha força!<br>4x</b>','A alegria do Senhor é minha força,<br>é minha força! (4x)',1,NULL),(8,1,'<b>A Bíblia é um<br>livro especial,<br>com ela aprendo mais sobre Jesus</b>','A Bíblia é um livro especial, com<br>ela aprendo mais sobre Jesus',1,NULL),(8,2,'<b>Ele é meu grande amigo, eu quero conhecer mais!</b>','Ele é meu grande amigo,<br>eu quero conhecer mais!',1,NULL),(8,3,'<b>Vou ler a<br>Bíblia todo dia<br>mais e mais!</b>','Vou ler a Bíblia todo dia mais e mais!',1,NULL),(8,4,'<b>Vou entrar no<br>meu quarto,<br>fechar minha porta,</b>','Vou entrar no meu quarto,<br>fechar minha porta,',1,NULL),(8,5,'<b>Vamos ficar juntinhos, só<br>eu e o Senhor!</b>','Vamos ficar juntinhos, só eu e o Senhor!',1,NULL),(8,6,'<b>Vou pegar minha<br>Bíblia, vou ler<br>com carinho</b>','Vou pegar minha Bíblia,<br>vou ler com carinho',1,NULL),(8,7,'<b>Sei que Deus<br>vai falar<br>comigo!</b>','Sei que Deus vai falar comigo!',1,NULL),(8,8,'<b>A Bíblia é o pão<br>que alimenta<br>a fome que está<br>em meu coração</b>','A Bíblia é o pão que alimenta&nbsp;a<br>fome que está em meu coração',1,NULL),(8,9,'<b>É a palavra de<br>Jesus que me<br>cura e fortalece!</b>','É a palavra de Jesus<br>que me cura e fortalece!',1,NULL),(8,10,'<b>Vou ler a<br>Bíblia todo dia<br>mais e mais!</b>','Vou ler a Bíblia todo dia mais e mais!',1,NULL),(8,11,'<b>Vou entrar no<br>meu quarto,<br>fechar minha porta,</b>','Vou entrar no meu quarto,<br>fechar minha porta,',1,NULL),(8,12,'<b>Vamos ficar juntinhos, só<br>eu e o Senhor!</b>','Vamos ficar juntinhos, só eu e o Senhor!',1,NULL),(8,13,'<b>Vou pegar minha<br>Bíblia, vou ler<br>com carinho</b>','Vou pegar minha Bíblia,<br>vou ler com carinho',1,NULL),(8,14,'<b>Sei que Deus<br>vai falar<br>comigo!</b>','Sei que Deus vai falar comigo!',1,NULL),(8,15,'<b>Vou entrar no<br>meu quarto,<br>fechar minha porta,</b>','Vou entrar no meu quarto,<br>fechar minha porta,',1,NULL),(8,16,'<b>Vamos ficar juntinhos, só<br>eu e o Senhor!</b>','Vamos ficar juntinhos, só eu e o Senhor!',1,NULL),(8,17,'<b>Vou pegar minha<br>Bíblia, vou ler<br>com carinho</b>','Vou pegar minha Bíblia,<br>vou ler com carinho',1,NULL),(8,18,'<b>Sei que Deus<br>vai falar&nbsp;comigo!<br>2x</b>','Sei que Deus vai falar comigo! (2x)',1,NULL),(8,19,'<i>Sabe, gente?<br>A Bíblia é um livro muito especial!</i>','<i>Sabe, gente? A Bíblia é<br>um livro muito especial!</i>',1,NULL),(8,20,'<i>Nela Deus colocou uma coleção de livros que nos ensinam</i>','<i>Nela Deus colocou uma coleção<br>de livros que nos ensinam</i>',1,NULL),(8,21,'<i>Tudo o que precisamos saber sobre quem Ele é<br></i><i>E sobre a vida que Ele tem para nós!</i>','<i>Tudo o que precisamos saber sobre quem Ele é<br></i><i>E sobre a vida que Ele tem para nós!</i>',1,NULL),(8,22,'<i>Por isso, é importante nós conhecermos<br>todos os livros <br>da Bíblia,</i>','<i>Por isso, é importante nós conhecermos todos os livros da Bíblia.</i>',1,NULL),(8,23,'<i>E nesta hora vamos cantar juntos quais são estes livros:</i>','<i>E nesta hora vamos cantar<br>juntos quais são estes livros:</i>',1,NULL),(8,24,'<b>Gênesis, Êxodo, Levítico, Números, Deuteronômio, Josué, Juízes, Rute</b>','Gênesis, Êxodo, Levítico, Números, Deuteronômio, Josué, Juízes, Rute',1,NULL),(8,25,'<b>Samuel, Samuel, Reis, Reis e Crônicas, Crônicas, Esdras, Neemias, Ester, Jó</b>','Samuel, Samuel, Reis, Reis e Crônicas, Crônicas, Esdras, Neemias, Ester, Jó',1,NULL),(8,26,'<b>Salmos, Provérbios, Eclesiastes, Cantares, Isaías, Jeremias e Lamentações</b>','Salmos, Provérbios, Eclesiastes, Cantares Isaías, Jeremias e Lamentações',1,NULL),(8,27,'<b>Ezequiel e Daniel Oseias, Joel,<br>Amós, Obadias</b>','Ezequiel e Daniel Oseias,<br>Joel, Amós, Obadias',1,NULL),(8,28,'<b>Jonas, Miqueias, Naum, Habacuque Sofonias, Ageu, Zacarias, Malaquias</b>','Jonas, Miqueias, Naum, Habacuque Sofonias, Ageu, Zacarias, Malaquias',1,NULL),(8,29,'<b>Os 39 livros<br>então do Velho<br>Testamento<br>aqui estão!</b>','Os 39 livros então do Velho<br>Testamento aqui estão!',1,NULL),(8,30,'<b>Mateus, Marcos, Lucas e João Atos, Romanos, Coríntios, Coríntios</b>','Mateus, Marcos, Lucas e João Atos, Romanos, Coríntios, Coríntios',1,NULL),(8,31,'<b>Gálatas, Efésios, Filipenses,<br>Colossenses, Tessalonicenses</b>','Gálatas, Efésios, Filipenses,<br>Colossenses, Tessalonicenses',1,NULL),(8,32,'<b>Tessalonicenses, Timóteo, Timóteo,<br>Tito, Filemon, Hebreus, Tiago</b>','Tessalonicenses, Timóteo, Timóteo,<br>Tito, Filemon, Hebreus, Tiago',1,NULL),(8,33,'<b>Pedro, Pedro,<br>João, João, João,<br>Judas e Apocalipse de João!</b>','Pedro, Pedro, João, João, João,<br>Judas e Apocalipse de João!',1,NULL),(8,34,'<b>Os 27 livros então do Novo Testamento aqui estão!</b>','Os 27 livros então do Novo<br>Testamento aqui estão!',1,NULL),(9,1,'<b>A cada passo que eu dou na vida é<br>um degrau a mais que subo ao céu</b>','A cada passo que eu dou na vida é<br>um degrau a mais que subo ao céu',1,NULL),(9,2,'<b>Em Cristo tenho<br>a melhor guarida<br>e da morte não<br>temo labéu</b>','Em Cristo tenho a melhor guarida<br>e da morte não temo labéu',1,NULL),(9,3,'<b>A cada passo vou me aproximando daquele lar que Cristo prometeu</b>','A cada passo vou me aproximando daquele lar que Cristo prometeu',2,NULL),(9,4,'<b>E passo a passo sigo caminhando a cada instante mais perto de Deus</b>','E passo a passo sigo caminhando<br>a cada instante mais perto de Deus',2,NULL),(9,5,'<b>Estou seguro em Suas mãos divinas que me conduzirão ao santo lar</b>','Estou seguro em Suas mãos divinas<br>que me conduzirão ao santo lar',1,NULL),(9,6,'<b>Em Cristo tenho a chave certa que abre o portal da glória celestial</b>','Em Cristo tenho a chave certa que<br>abre o portal da glória celestial',1,NULL),(9,7,'<b>A cada passo vou me aproximando daquele lar que Cristo prometeu</b>','A cada passo vou me aproximando daquele lar que Cristo prometeu',2,NULL),(9,8,'<b>E passo a passo sigo caminhando a cada instante mais perto de Deus</b>','E passo a passo sigo caminhando<br>a cada instante mais perto de Deus',2,NULL),(9,9,'<b>Às vezes sinto-me tão desolado quando as tristezas vêm me assaltar</b>','Às vezes sinto-me tão desolado<br>quando as tristezas vêm me assaltar',1,NULL),(9,10,'<b>Então eu olho para<br>o mestre amado<br>que me diz: “sê firme no avançar! ”</b>','Então eu olho para o mestre amado<br>que me diz: “sê firme no avançar! ”',1,NULL),(9,11,'<b>A cada passo vou me aproximando daquele lar que Cristo prometeu</b>','A cada passo vou me aproximando daquele lar que Cristo prometeu',2,NULL),(9,12,'<b>E passo a passo sigo caminhando a cada instante mais perto de Deus</b>','E passo a passo sigo caminhando<br>a cada instante mais perto de Deus',2,NULL),(10,1,'<b>Para casa de Jairo<br>ia Jesus, uma<br>grande multidão<br>ia atrás d’Ele<br></b>','Para casa de Jairo ia Jesus,&nbsp;uma<br>grande multidão ia atrás d’Ele',1,NULL),(10,2,'<b>Uma pobre mulher<br>cheia de fé se<br>esqueceu da<br>multidão e o tocou!</b>','Uma pobre mulher cheia de fé se esqueceu da multidão e o tocou!',1,NULL),(10,3,'<b>Faz tu qual a<br>mulher que foi e<br>tocou na orla do<br>vestido de Jesus</b>','Faz tu qual a mulher que foi e tocou<br>Na orla do vestido de Jesus',2,NULL),(10,4,'<b>Virtude logo<br>saiu e a curou<br>Se n’Ele tocas tu<br>saras também!</b>','Virtude logo saiu e a curou<br>Se n’Ele tocas tu saras também!',2,NULL),(10,5,'<b>O Senhor perguntou<br>quem Me tocou?<br>Pois de Mim saiu<br>virtude, Eu o senti</b>','O Senhor perguntou quem Me tocou?<br>Pois de Mim saiu virtude, Eu o senti',1,NULL),(10,6,'<b>A mulher se levantou<br>e confessou: Fui eu<br>Senhor quem te<br>tocou, perdoa-me!</b>','A mulher se levantou e confessou:<br>Fui eu Senhor quem te tocou, perdoa-me!',1,NULL),(10,7,'<b>Faz tu qual a<br>mulher que foi e<br>tocou na orla do<br>vestido de Jesus</b>','Faz tu qual a mulher que foi e tocou<br>Na orla do vestido de Jesus',2,NULL),(10,8,'<b>Virtude logo<br>saiu e a curou<br>Se n’Ele tocas tu<br>saras também!</b>','Virtude logo saiu e a curou<br>Se n’Ele tocas tu saras também!',2,NULL),(10,9,'<b>Se quiseres acercar-te&nbsp;ao Salvador com<br>tuas cargas de pecados como estás</b>','Se quiseres acercar-te ao Salvador<br>Com tuas cargas de pecados como estás',1,NULL),(10,10,'<b>Faze hoje qual a mulher que foi e tocou, de seus vestidos para ti<br>sairá virtude!</b>','Faze hoje qual a mulher que foi e tocou,<br>De seus vestidos para ti sairá virtude!',1,NULL),(10,11,'<b>Faz tu qual a<br>mulher que foi e<br>tocou na orla do<br>vestido de Jesus</b>','Faz tu qual a mulher que foi e tocou<br>Na orla do vestido de Jesus',2,NULL),(10,12,'<b>Virtude logo<br>saiu e a curou<br>Se n’Ele tocas tu<br>saras também!</b>','Virtude logo saiu e a curou<br>Se n’Ele tocas tu saras também!',2,NULL),(11,1,'<mark class=\"cdx-marker\">Meninas:</mark><br>Os campos<br>estão brancos,<br><mark class=\"cdx-marker\">Homens:</mark> <b>(<u class=\"cdx-underline\">Os campos estão brancos</u>)</b>','Os campos estão brancos,',1,NULL),(11,2,'Já podemos ver,&nbsp;<br><b>(<u class=\"cdx-underline\">Já podemos ver</u>)</b>','Já podemos ver,',1,NULL),(11,3,'Desponta um<br>novo dia,<br><b>(<u class=\"cdx-underline\">Desponta um<br>novo dia</u>)</b>','Desponta um novo dia,',1,NULL),(11,4,'Um novo<br>amanhecer!<br><b>(<u class=\"cdx-underline\">Um novo<br>amanhecer!</u>)</b>','Um novo amanhecer!',1,NULL),(11,5,'Há trabalho<br>a ser feito<br><b>(<u class=\"cdx-underline\">Ah, Ah, Ah</u>)</b>','Há trabalho a ser feito,',1,NULL),(11,6,'Inda muito<br>o que colher<br><b>(<u class=\"cdx-underline\">Que colher</u>)</b>','Inda muito o que colher',1,NULL),(11,7,'É Jesus quem<br>nos convida<br><b>(<u class=\"cdx-underline\">Ah, Ah, Ah</u>)</b>','É Jesus quem nos convida',1,NULL),(11,8,'<mark class=\"cdx-marker\">Todos:</mark><br><b>O que vamos<br>responder?</b>','O que vamos responder?',1,NULL),(11,9,'<b>Eu quero ir<br>Senhor à seara<br>trabalhar</b>','Eu quero ir Senhor<br>à seara trabalhar',1,NULL),(11,10,'<b>Quero ser<br>ajudador,<br>Falar de Cristo<br>e Seu amor!</b>','Quero ser ajudador,<br>Falar de Cristo e Seu amor!',1,NULL),(11,11,'<b>Eu quero ser<br>Senhor uma<br>luz a iluminar</b>','Eu quero ser Senhor<br>uma luz a iluminar',1,NULL),(11,12,'<b>Quero dar o<br>meu melhor<br>Quero ver<br>Jesus voltar...</b>','Quero dar o meu melhor<br>Quero ver Jesus voltar...',1,NULL),(11,13,'<u class=\"cdx-underline\"></u><mark class=\"cdx-marker\">Solo:</mark><br>É nossa alegria<br>ir e proclamar,','É nossa alegria ir e proclamar,',1,NULL),(11,14,'Jesus está voltando<br>Virá pra nos buscar!<br><b>(<u class=\"cdx-underline\">Virá pra nos buscar!</u>)</b>','Jesus está voltando<br>Virá pra nos buscar!',1,NULL),(11,15,'<mark class=\"cdx-marker\">Solo:</mark>Muita gente<br><mark class=\"cdx-marker\">Todos:</mark><b></b><u class=\"cdx-underline\"><b>não percebe</b><br><b>O que vai acontecer</b></u><b></b>','Muita gente não percebe<br>O que vai acontecer',1,NULL),(11,16,'<b>Se não forem avisados eles podem perecer!</b>','Se não forem avisados<br>eles podem perecer!',1,NULL),(11,17,'<b>Eu quero ir<br>Senhor à seara<br>trabalhar</b>','Eu quero ir Senhor<br>à seara trabalhar',1,NULL),(11,18,'<b>Quero ser<br>ajudador,<br>Falar de Cristo<br>e Seu amor!</b>','Quero ser ajudador,<br>Falar de Cristo e Seu amor!',1,NULL),(11,19,'<b>Eu quero ser<br>Senhor uma<br>luz a iluminar</b>','Eu quero ser Senhor<br>uma luz a iluminar',1,NULL),(11,20,'<b>Quero dar o<br>meu melhor<br>Quero ver<br>Jesus voltar...</b>','Quero dar o meu melhor<br>Quero ver Jesus voltar...',1,NULL),(11,21,'<b>Eu quero ir<br>Senhor à seara<br>trabalhar</b>','Eu quero ir Senhor<br>à seara trabalhar',1,NULL),(11,22,'<b>Quero ser<br>ajudador,<br>Falar de Cristo<br>e Seu amor!</b>','Quero ser ajudador,<br>Falar de Cristo e Seu amor!',1,NULL),(11,23,'<b>Eu quero ser<br>Senhor uma<br>luz a iluminar</b>','Eu quero ser Senhor<br>uma luz a iluminar',1,NULL),(11,24,'<b>Quero dar o<br>meu melhor</b><br><mark class=\"cdx-marker\">Solo:</mark>Quero ver Jesus voltar...','Quero dar o meu melhor<br>Quero ver Jesus voltar...',1,NULL),(11,25,'<mark class=\"cdx-marker\">Meninas:</mark>Quero<br>ver Jesus voltar... <br><mark class=\"cdx-marker\">Homens:</mark>Quero<br>ver Jesus voltar...','Quero ver Jesus voltar...<br>Quero ver Jesus voltar...',1,NULL),(11,26,'<mark class=\"cdx-marker\">Homens:</mark>Ver<br>Jesus voltar!<br><mark class=\"cdx-marker\">Meninas:</mark>Ver<br>Jesus voltar!','Ver Jesus voltar!<br>Ver Jesus voltar!',1,NULL),(11,27,'<mark class=\"cdx-marker\">Todos:</mark> <br><b>Ver Jesus...</b>','Ver Jesus...',1,NULL),(12,1,'<mark class=\"cdx-marker\">Solo 1:</mark>A coroa que Ele usou não era de ouro apesar de O coroarem como Rei,','A coroa que Ele usou não era de ouro<br>apesar de O coroarem como Rei,',1,NULL),(12,2,'<mark class=\"cdx-marker\">Solo 1:</mark>Não era<br>de rubi ou diamante<br>mas era feita só<br>de espinhos vis...','Não era de rubi ou diamante<br>mas era feita só de espinhos vis...',1,NULL),(12,3,'<mark class=\"cdx-marker\">Solo 2:</mark>Por que<br>tratar um Rei desta maneira? E por que fazê-lo  usar  coroa  tal?','Por que tratar um Rei desta maneira?<br>E por que fazê-lo  usar  coroa  tal?',1,NULL),(12,4,'<mark class=\"cdx-marker\">Solo 2:</mark>Ele nunca<br>foi forçado a usá-la!<br>Mas por amor deixou Seu lar real!','Ele nunca foi forçado a usá-la!<br>Mas por amor deixou Seu lar real!',1,NULL),(12,5,'<mark class=\"cdx-marker\">Todos:</mark><b>A coroa<br>que Jesus usou<br>na cruz fora<br>feita para mim!</b>','A coroa que Jesus usou&nbsp;na<br>cruz fora feita para mim!',1,NULL),(12,6,'<b>Ele a trocou pela minha salvação<br>e jamais terá de<br>usá-la outra vez...</b>','Ele a trocou pela minha salvação<br>e jamais terá de usá-la outra vez...',1,NULL),(12,7,'<mark class=\"cdx-marker\">Solo 3:</mark>O inimigo não desiste facilmente...<br><mark class=\"cdx-marker\">Dueto:</mark>Ele quer fazê-Lo usar coroa tal!','O inimigo não desiste facilmente...<br>Ele quer fazê-Lo usar coroa tal!',1,NULL),(12,8,'<mark class=\"cdx-marker\">Solo 4:</mark>Mas tenha isto sempre em sua mente, no calvário o bem venceu o mal!','Mas tenha isto sempre em sua mente,<br>no calvário o bem venceu o mal!',1,NULL),(12,9,'<mark class=\"cdx-marker\">Todos:</mark><b>A coroa<br>que Jesus usou<br>na cruz fora<br>feita para mim!</b>','A coroa que Jesus usou&nbsp;na<br>cruz fora feita para mim!',1,NULL),(12,10,'<b>Ele a trocou pela minha salvação<br>e jamais terá de<br>usá-la outra vez...</b>','Ele a trocou pela minha salvação<br>e jamais terá de usá-la outra vez...',1,NULL),(12,11,'<b>A coroa que&nbsp;Jesus<br>usou na cruz<br>Fora feita<br>para mim!</b>','A coroa que Jesus usou na cruz<br>Fora feita para mim!',1,NULL),(12,12,'<b>Ele a trocou pela minha salvação...<br></b><b>E jamais terá de usá-la outra vez! (3x)</b>','Ele a trocou pela minha salvação...<br>E jamais terá de usá-la outra vez! (3x)',1,NULL),(12,13,'<b>E jamais terá<br>de usá-la outra<br>ve... e... ez...</b>','E jamais terá de usá-la outra vez......',1,NULL),(12,14,'<b>A coroa que&nbsp;Jesus<br>usou na cruz<br>Fora feita<br>para mim!</b>','A coroa que Jesus usou na cruz<br>Fora feita para mim!',1,NULL),(12,15,'<b>Ele a trocou pela minha salvação...<br></b><b>E jamais terá de usá-la outra vez...</b>','Ele a trocou pela minha salvação...<br>E jamais terá de usá-la outra vez...',1,NULL),(12,16,'<b>A coroa que&nbsp;Jesus<br>usou na cruz<br>Fora feita<br>para mim!</b>','A coroa que Jesus usou na cruz<br>Fora feita para mim!',1,NULL),(12,17,'<b>Ele a trocou pela minha salvação...<br></b><b>E jamais terá de usá-la outra vez! (3x)</b>','Ele a trocou pela minha salvação...<br>E jamais terá de usá-la outra vez... (3x)',1,NULL),(13,1,'<b>A Deus dai louvor com todo ser,<br>Com todo corpo a Cristo dai louvor</b>','A Deus dai louvor com todo ser,<br>com todo corpo a Cristo dai louvor',1,NULL),(13,2,'<b>Use as mãos e<br>os pés, a cabeça<br>e a voz, com seu corpo dai louvor</b>','Use as mãos e os pés, a cabeça e a voz,<br>com seu corpo dai louvor',1,NULL),(13,3,'<b>Com a mão...</b>','Com a mão...',1,NULL),(13,4,'<b>A Deus dai louvor com todo ser,<br>Com todo corpo a Cristo dai louvor</b>','A Deus dai louvor com todo ser,<br>com todo corpo a Cristo dai louvor',1,NULL),(13,5,'<b>Use as mãos e<br>os pés, a cabeça<br>e a voz, com seu corpo dai louvor</b>','Use as mãos e os pés, a cabeça e a voz,<br>com seu corpo dai louvor',1,NULL),(13,6,'<b>Com a mão,<br>Outra mão...</b>','Com a mão, outra mão...',1,NULL),(13,7,'<b>A Deus dai louvor com todo ser,<br>Com todo corpo a Cristo dai louvor</b>','A Deus dai louvor com todo ser,<br>com todo corpo a Cristo dai louvor',1,NULL),(13,8,'<b>Use as mãos e<br>os pés, a cabeça<br>e a voz, com seu corpo dai louvor</b>','Use as mãos e os pés, a cabeça e a voz,<br>com seu corpo dai louvor',1,NULL),(13,9,'<b>Com a mão,<br>Outra mão,<br>Com o pé...</b>','Com a mão, outra mão, com o pé...',1,NULL),(13,10,'<b>A Deus dai louvor com todo ser,<br>Com todo corpo a Cristo dai louvor</b>','A Deus dai louvor com todo ser,<br>com todo corpo a Cristo dai louvor',1,NULL),(13,11,'<b>Use as mãos e<br>os pés, a cabeça<br>e a voz, com seu corpo dai louvor</b>','Use as mãos e os pés, a cabeça e a voz,<br>com seu corpo dai louvor',1,NULL),(13,12,'<b>Com a mão,<br>Outra mão,<br>Com o pé,<br>Outro pé...</b>','Com a mão, outra mão,<br>Com o pé, outro pé...',1,NULL),(13,13,'<b>A Deus dai louvor com todo ser,<br>Com todo corpo a Cristo dai louvor</b>','A Deus dai louvor com todo ser,<br>com todo corpo a Cristo dai louvor',1,NULL),(13,14,'<b>Use as mãos e<br>os pés, a cabeça<br>e a voz, com seu corpo dai louvor</b>','Use as mãos e os pés, a cabeça e a voz,<br>com seu corpo dai louvor',1,NULL),(13,15,'<b>Com a mão,<br>Outra mão,<br>Com o pé, outro pé,<br>Com a cabeça...</b>','Com a mão, outra mão,&nbsp;com o pé,<br>outro pé, com a cabeça...',1,NULL),(13,16,'<b>A Deus dai louvor com todo ser,<br>Com todo corpo a Cristo dai louvor</b>','A Deus dai louvor com todo ser,<br>com todo corpo a Cristo dai louvor',1,NULL),(13,17,'<b>Use as mãos e<br>os pés, a cabeça<br>e a voz, com seu corpo dai louvor</b>','Use as mãos e os pés, a cabeça e a voz,<br>com seu corpo dai louvor',1,NULL),(13,18,'<b>Com a mão, outra<br>mão, com o pé,<br>outro pé, com a<br>cabeça... e a voz!</b>','Com a mão, outra mão, com o pé,<br>outro pé, com a cabeça... e a voz!',1,NULL),(13,19,'<b>Dai louvor!</b>','Dai louvor!',1,NULL),(14,1,'<b>Oh!<br>Profundidade<br>das riquezas!</b>','Oh! Profundidade das riquezas!',1,NULL),(14,2,'<b></b><b>Tanto da<br>sabedoria<br>quanto do<br>conhecimento!</b>','Tanto da sabedoria<br>quanto do conhecimento!',1,NULL),(14,3,'<b>Quão insondáveis Senhor<br>São os Teus<br>caminhos!</b>','Quão insondáveis Senhor<br>São os Teus caminhos!',1,NULL),(14,4,'<b>Quem conhece<br>a mente<br>desse Deus?</b>','Quem conhece a mente desse Deus?',1,NULL),(14,5,'<b>Não há outro<br>igual a Ele<br>e ninguém<br>acima d’Ele!</b>','Não há outro igual a Ele<br>e ninguém acima d’Ele!',1,NULL),(14,6,'<b>Por que por<br>Ele e pra Ele<br>São todas<br>as coisas!</b>','Por que por Ele e pra Ele<br>São todas as coisas!',1,NULL),(14,7,'<b>A Ele a glória! (2x)<br>Eternamente...<br>Amém!<br>2x</b>','A Ele a glória! A Ele a glória!<br>Eternamente... Amém! (2x)',3,NULL),(14,8,'<b>Quem conhece<br>a mente<br>desse Deus?</b>','Quem conhece a mente desse Deus?',1,NULL),(14,9,'<b>Não há outro<br>igual a Ele<br>e ninguém<br>acima d’Ele!</b>','Não há outro igual a Ele<br>e ninguém acima d’Ele!',1,NULL),(14,10,'<b>Por que por<br>Ele e pra Ele<br>São todas<br>as coisas!</b>','Por que por Ele e pra Ele<br>São todas as coisas!',1,NULL),(14,11,'<b>A Ele a glória! (2x)<br>Eternamente...<br>Amém!<br>4x</b>','A Ele a glória! A Ele a glória!<br>Eternamente... Amém! (4x)',1,NULL),(15,1,'<mark class=\"cdx-marker\">Solo:</mark>Não há um<br>Deus maior que<br>o Seu, Ele vai<br>curar sua dor!','Não há um Deus maior que o Seu,<br>Ele vai curar sua dor!',1,NULL),(15,2,'Se um fio de escarlate salvou<br>a meretriz e<br>sua família','Se um fio de escarlate salvou<br>a meretriz e sua família',1,NULL),(15,3,'O que pode o<br>sangue de Cristo<br>fazer por você e<br>por sua casa?','O que pode o sangue de Cristo<br>fazer por você e por sua casa?',1,NULL),(15,4,'Se um filho partiu,<br>Se um bem<br>se perdeu,','Se um filho partiu,<br>Se um bem se perdeu,',1,NULL),(15,5,'Se o amor esfriou<br>Ou alguém<br>morreu!','Se o amor esfriou<br>Ou alguém morreu!',1,NULL),(15,6,'Você pode chorar, mas não deixe de esperar em Deus!','Você pode chorar, mas não<br>deixe de esperar em Deus!',1,NULL),(15,7,'Sua casa é<br>herança de Deus,<br>ninguém pode tocar!','Sua casa é herança de Deus,<br>ninguém pode tocar!',1,NULL),(15,8,'Pois quem guarda sua casa é o Leão<br>da tribo de Judá!','Pois quem guarda sua casa<br>é o Leão da tribo de Judá!',1,NULL),(15,9,'<mark class=\"cdx-marker\">Todas:</mark><b>Quem tem<br>a marca de Cristo<br>tem uma aliança<br>firmada com Deus!</b>','Quem tem a marca de Cristo tem<br>uma aliança firmada com Deus!',1,NULL),(15,10,'<b>O sangue reveste<br>a casa enquanto<br>lá dentro há<br>glória de Deus!</b>','O sangue reveste a casa enquanto<br>lá dentro há glória de Deus!',1,NULL),(15,11,'<b>Reúne a família, acende a família! Renova entre<br>eles o amor...</b>','Reúne a família, acende a família!<br>Renova entre eles o amor...',1,NULL),(15,12,'<b>Ele acaba com a<br>guerra, Ele sara a<br>terra! Da casa se<br>torna Senhor!</b>','Ele acaba com a guerra, Ele sara a terra!<br>Da casa se torna Senhor!',1,NULL),(15,13,'<b>Ele põe, Ele tira,<br>Ele mata e dá<br>vida! Faz tudo<br>voltar pro lugar</b>','Ele põe, Ele tira, Ele mata e dá vida!<br>Faz tudo voltar pro lugar',1,NULL),(15,14,'<b>Pois a casa que<br>teme ao Senhor<br>sempre vai<br>triunfar!</b>','Pois a casa que teme ao<br>Senhor sempre vai triunfar!',1,NULL),(15,15,'<mark class=\"cdx-marker\">Todas:</mark><b>Se um</b><br><b>filho partiu,</b><br><b>Se um bem</b><br><b>se perdeu</b>','Se um filho partiu,<br>Se um bem se perdeu,',1,NULL),(15,16,'<b>Se o amor esfriou<br>Ou alguém<br>morreu!</b>','Se o amor esfriou<br>Ou alguém morreu!',1,NULL),(15,17,'<b>Você pode chorar, mas não deixe de esperar em Deus!</b>','Você pode chorar, mas não<br>deixe de esperar em Deus!',1,NULL),(15,18,'<b>Sua casa é<br>herança de Deus,<br>ninguém pode tocar!</b>','Sua casa é herança de Deus,<br>ninguém pode tocar!',1,NULL),(15,19,'<b>Pois quem guarda sua casa é o Leão<br>da tribo de Judá!</b>','Pois quem guarda sua casa<br>é o Leão da tribo de Judá!',1,NULL),(15,20,'<mark class=\"cdx-marker\">Todas:</mark><b>Quem tem<br>a marca de Cristo<br>tem uma aliança<br>firmada com Deus!</b>','Quem tem a marca de Cristo tem<br>uma aliança firmada com Deus!',1,NULL),(15,21,'<b>O sangue reveste<br>a casa enquanto<br>lá dentro há<br>glória de Deus!</b>','O sangue reveste a casa enquanto<br>lá dentro há glória de Deus!',1,NULL),(15,22,'<b>Reúne a família, acende a família! Renova entre<br>eles o amor...</b>','Reúne a família, acende a família!<br>Renova entre eles o amor...',1,NULL),(15,23,'<b>Ele acaba com a<br>guerra, Ele sara a<br>terra! Da casa se<br>torna Senhor!</b>','Ele acaba com a guerra, Ele sara a terra!<br>Da casa se torna Senhor!',1,NULL),(15,24,'<b>Ele põe, Ele tira,<br>Ele mata e dá<br>vida! Faz tudo<br>voltar pro lugar</b>','Ele põe, Ele tira, Ele mata e dá vida!<br>Faz tudo voltar pro lugar',1,NULL),(15,25,'<b>Pois a casa que<br>teme ao Senhor<br>sempre vai<br>triunfar!</b>','Pois a casa que teme ao<br>Senhor sempre vai triunfar!',1,NULL),(15,26,'<mark class=\"cdx-marker\">Todas:</mark><b>Quem tem<br>a marca de Cristo<br>tem uma aliança<br>firmada com Deus!</b>','Quem tem a marca de Cristo tem<br>uma aliança firmada com Deus!',1,NULL),(15,27,'<b>O sangue reveste<br>a casa enquanto<br>lá dentro há<br>glória de Deus!</b>','O sangue reveste a casa enquanto<br>lá dentro há glória de Deus!',1,NULL),(15,28,'<b>Reúne a família, acende a família! Renova entre<br>eles o amor...</b>','Reúne a família, acende a família!<br>Renova entre eles o amor...',1,NULL),(15,29,'<b>Ele acaba com a<br>guerra, Ele sara a<br>terra! Da casa se<br>torna Senhor!</b>','Ele acaba com a guerra, Ele sara a terra!<br>Da casa se torna Senhor!',1,NULL),(15,30,'<b>Ele põe, Ele tira,<br>Ele mata e dá<br>vida! Faz tudo<br>voltar pro lugar</b>','Ele põe, Ele tira, Ele mata e dá vida!<br>Faz tudo voltar pro lugar',1,NULL),(15,31,'<b>Pois a casa que<br>teme ao Senhor<br>sempre vai<br>triunfar!</b>','Pois a casa que teme ao<br>Senhor sempre vai triunfar!',1,NULL),(15,32,'<b>Pois a casa que teme ao Senhor... (3x)<br><br>Sempre vai triunfar!</b>','Pois a casa que teme ao Senhor... (3x)<br>Sempre vai triunfar!',1,NULL),(16,1,'<mark class=\"cdx-marker\">Solo:</mark>O rei bateu<br>o martelo, está<br>condenado...','O rei bateu o martelo, está condenado...',1,NULL),(16,2,'Olhando para<br>ele, eu sei, eu<br>fui sentenciado','Olhando para ele, eu sei,<br>eu fui sentenciado',1,NULL),(16,3,'Agora o que<br>fazer, quando<br>Deus nos prova','Agora o que fazer, quando Deus nos prova',1,NULL),(16,4,'Resta confiar,<br>Ele vai livrar<br>dentro da cova!','Resta confiar, Ele vai livrar dentro da cova!',1,NULL),(16,5,'Os meus&nbsp;inimigos<br>levantaram-se<br>para ver','Os meus inimigos levantaram-se para ver',1,NULL),(16,6,'A minha derrota<br>e até mesmo<br>o perecer...','A minha derrota e até mesmo o perecer...',1,NULL),(16,7,'O que eles não<br>sabiam é que<br>eu tinha crédito','O que eles não sabiam<br>é que eu tinha crédito',1,NULL),(16,8,'Na hora especial,<br>Deus entra em<br>ação e revela o<br>Seu mistério!','Na hora especial, Deus entra em<br>ação e revela o Seu mistério!',1,NULL),(16,9,'<mark class=\"cdx-marker\">Todas:</mark><br><b>Quando eu cheguei, olhei do meu lado</b><br><b>Vi leões famintos, mas, porém deitados</b>','Quando eu cheguei, olhei do meu lado<br>Vi leões famintos, mas, porém deitados',1,NULL),(16,10,'<b>Até se levantaram pra poder comer, Eles não sentiram cheiro, eu exalei poder</b>','Até se levantaram pra poder comer,<br>Eles não sentiram cheiro, eu exalei poder',1,NULL),(16,11,'<b>Quando se aproximaram, só sentiram fogo Tiveram que voltar e deitar de novo!</b>','Quando se aproximaram, só sentiram fogo Tiveram que voltar e deitar de novo!',3,NULL),(16,12,'<b>Quando eu cheguei, olhei do meu lado<br>Vi leões famintos, mas, porém deitados</b>','Quando eu cheguei, olhei do meu lado<br>Vi leões famintos, mas, porém deitados',1,NULL),(16,13,'<b>Até se levantaram pra poder comer, Eles não sentiram cheiro, eu exalei poder</b>','Até se levantaram pra poder comer,<br>Eles não sentiram cheiro, eu exalei poder',1,NULL),(16,14,'<b>Quando se aproximaram, só sentiram fogo Tiveram que voltar e deitar de novo!</b>','Quando se aproximaram, só sentiram fogo Tiveram que voltar e deitar de novo!',3,NULL),(16,15,'<b>A oração faz<br>fechar a cova,<br>A oração faz<br>abrir as portas</b>','A oração faz fechar a cova,<br>A oração faz abrir as portas',1,NULL),(16,16,'<b>A oração faz<br>abrir o mar,<br>O crente que ora vê a vitória chegar!<br>2x</b>','A oração faz abrir o mar,<br>O crente que ora vê a vitória chegar! (2x)',1,NULL),(16,17,'<b>A oração tem<br>força pra mandar<br>parar o Sol,</b>','A oração tem força pra mandar parar o Sol,',1,NULL),(16,18,'<b>Mostrar ao inimigo<br>que você não está só<br>O crente que ora<br>não é derrotado</b>','Mostrar ao inimigo que você não está só<br>O crente que ora não é derrotado',1,NULL),(16,19,'<b>Nas horas<br>mais difíceis<br>Deus está do<br>seu lado!</b>','Nas horas mais difíceis<br>Deus está do seu lado!',1,NULL),(16,20,'<b>A oração tem<br>força pra mandar<br>parar o Sol,</b>','A oração tem força pra mandar parar o Sol,',1,NULL),(16,21,'<b>Mostrar ao inimigo<br>que você não está só<br>O crente que ora<br>não é derrotado</b>','Mostrar ao inimigo que você não está só<br>O crente que ora não é derrotado',1,NULL),(16,22,'<b>Nas horas<br>mais difíceis<br>Deus está do<br>seu lado!</b>','Nas horas mais difíceis<br>Deus está do seu lado!',1,NULL),(16,23,'<b>A oração tem<br>força pra mandar<br>parar o Sol,</b>','A oração tem força pra mandar parar o Sol,',1,NULL),(16,24,'<b>Mostrar ao inimigo<br>que você não está só<br>O crente que ora<br>não é derrotado</b>','Mostrar ao inimigo que você não está só<br>O crente que ora não é derrotado',1,NULL),(16,25,'<b>Nas horas difíceis&nbsp;<br></b><b>Deus está do<br>seu lado!<br>2x</b>','Nas horas difíceis<br>Deus está do seu lado! (2x)',1,NULL),(16,26,'<b>Então ora,<br>crente ora,<br>que Deus vai<br>te responder!</b>','Então ora, crente ora,<br>que Deus vai te responder!',1,NULL),(17,1,'<b>A luz do<br>Teu rosto<br>resplandeceu<br>sobre mim</b>','A luz do Teu rosto<br>resplandeceu sobre mim',1,NULL),(17,2,'<b></b><b>A Tua graça<br>como um rio<br>transbordou!</b>','A Tua graça como um rio transbordou!',1,NULL),(17,3,'<b>Fui atraído<br>pelo Teu<br>imenso amor</b>','Fui atraído pelo Teu imenso amor',1,NULL),(17,4,'<b></b><b>Teu precioso sangue me<br>purificou</b>','Teu precioso sangue me purificou',1,NULL),(17,5,'<b>Encheste<br>minha vida,<br>meu coração<br>de alegria</b>','Encheste minha vida,<br>meu coração de alegria',1,NULL),(17,6,'<b>Tua presença<br>é real dentro<br>de mim!</b>','Tua presença é real dentro de mim!',1,NULL),(17,7,'<b>Tua palavra<br>ilumina o meu<br>caminho</b>','Tua palavra ilumina o meu caminho',1,NULL),(17,8,'<b>Sou guiado pelo<br>Teu Espírito!</b>','Sou guiado pelo Teu Espírito!',1,NULL),(17,9,'<b>E eu vou,<br>a cada dia<br>Te buscar,</b>','E eu vou, a cada dia Te buscar,',1,NULL),(17,10,'<b>Se estou andando<br>vou correr,<br>Se eu correr<br>quero voar!</b>','Se estou andando vou correr,<br>Se eu correr quero voar!',1,NULL),(17,11,'<b>E eu vou, a cada<br>dia me achegar<br>Pra Te encontrar<br>Amado meu!</b>','E eu vou, a cada dia me achegar<br>Pra Te encontrar Amado meu!',1,NULL),(17,12,'<b>Nas asas do<br>Espírito eu<br>vou cada vez<br>mais alto...</b>','Nas asas do Espírito eu&nbsp;vou<br>cada vez mais alto...',1,NULL),(17,13,'<b>Encheste<br>minha vida,<br>meu coração<br>de alegria</b>','Encheste minha vida, meu coração de alegria',1,NULL),(17,14,'<b>Tua presença<br>é real dentro<br>de mim!</b>','Tua presença é real dentro de mim!',1,NULL),(17,15,'<b>Tua palavra<br>ilumina o meu<br>caminho</b>','Tua palavra ilumina o meu caminho',1,NULL),(17,16,'<b>Sou guiado pelo<br>Teu Espírito!</b>','Sou guiado pelo Teu Espírito!',1,NULL),(17,17,'<b>E eu vou,<br>a cada dia<br>Te buscar,</b>','E eu vou, a cada dia Te buscar,',1,NULL),(17,18,'<b>Se estou andando<br>vou correr,<br>Se eu correr<br>quero voar!</b>','Se estou andando vou correr,<br>Se eu correr quero voar!',1,NULL),(17,19,'<b>E eu vou, a cada<br>dia me achegar<br>Pra Te encontrar<br>Amado meu!</b>','E eu vou, a cada dia me achegar<br>Pra Te encontrar Amado meu!',1,NULL),(17,20,'<b>Nas asas do<br>Espírito eu<br>vou cada vez<br>mais alto...</b>','Nas asas do Espírito eu&nbsp;vou<br>cada vez mais alto...',1,NULL),(17,21,'<b>E eu vou,<br>a cada dia<br>Te buscar,</b>','E eu vou, a cada dia Te buscar,',1,NULL),(17,22,'<b>Se estou andando<br>vou correr,<br>Se eu correr<br>quero voar!</b>','Se estou andando vou correr,<br>Se eu correr quero voar!',1,NULL),(17,23,'<b>E eu vou, a cada<br>dia me achegar<br>Pra Te encontrar<br>Amado meu!</b>','E eu vou, a cada dia me achegar<br>Pra Te encontrar Amado meu!',1,NULL),(17,24,'<b>Nas asas do<br>Espírito eu<br>vou cada vez<br>mais alto...</b>','Nas asas do Espírito eu&nbsp;vou<br>cada vez mais alto...',1,NULL),(18,1,'<mark class=\"cdx-marker\">Solo:</mark>Há momentos<br>que as palavras mais parecem frases decoradas que Deus cansou de ouvir...','Há momentos que as palavras mais parecem frases decoradas que Deus cansou de ouvir...',1,NULL),(18,2,'Há momentos que a solidão aperta o peito e dói o coração mas não vou desistir!','Há momentos que a solidão aperta o peito<br>e dói o coração mas não vou desistir!',1,NULL),(18,3,'Vou andar<br>de joelhos!<br>Vou andar&nbsp;<br>de joelhos!','Vou andar de joelhos!<br>Vou andar de joelhos!',1,NULL),(18,4,'É preciso acreditar<br>que a vitória chegará,<br>Deus não<br>nos deixa só!','É preciso acreditar que a vitória chegará, Deus não nos deixa só!',1,NULL),(18,5,'É preciso acreditar<br>Ter coragem<br>pra lutar<br>De joelhos é melhor!','É preciso acreditar, ter coragem pra lutar<br>De joelhos é melhor!',1,NULL),(18,6,'É melhor de joelhos!<br>É melhor de joelhos!<br>É melhor de joelhos!','É melhor de joelhos! É melhor de joelhos!<br>É melhor de joelhos!',1,NULL),(18,7,'<mark class=\"cdx-marker\">Todas:<br></mark><b>Clame ao<br>Senhor!</b>','Clame ao Senhor!',1,NULL),(18,8,'<b>Não cesse,<br>não pare, insista, avante prossiga,<br>de orar não desista,<br>Clame ao Senhor!</b>','Não cesse, não pare, insista, avante prossiga, de orar não desista, Clame ao Senhor!',1,NULL),(18,9,'<b>Ainda que faltem palavras o Deus que entende o gemido da alma já te escutou!</b>','Ainda que faltem palavras o Deus que entende o gemido da alma já te escutou!',1,NULL),(18,10,'<b>Pois da oração<br>de um justo<br>Deus se agrada!</b>','Pois da oração de um justo<br>Deus se agrada!',1,NULL),(18,11,'<b>A oração é a chave que abre as portas<br>A oração, o inimigo não suporta a oração</b>','A oração é a chave que abre as portas<br>A oração, o inimigo não suporta a oração',1,NULL),(18,12,'<b>É o meu<br>particular<br>com Deus,<br>é a oração!</b>','É o meu particular com Deus, é a oração!',1,NULL),(18,13,'<b>Se quer milagre, ora! Queres cura, ora! Quer resposta, ora! Providência, ora!</b>','Se quer milagre, ora! Queres cura, ora!<br>Quer resposta, ora! Providência, ora!',1,NULL),(18,14,'<b>Queres ser usado? O segredo é oração! É vida no altar,<br>Vida de comunhão!</b>','Queres ser usado? O segredo é oração!<br>É vida no altar, Vida de comunhão!',1,NULL),(18,15,'<b>Então vai orando,<br>Vai clamando,<br>Vai chorando<br>Até tocar o céu!</b>','Então vai orando, Vai clamando,<br>Vai chorando Até tocar o céu!',1,NULL),(18,16,'<b>De joelhos nos<br>tornamos íntimos<br>&nbsp;de Deus!</b>','De joelhos nos tornamos íntimos de Deus!',1,NULL),(18,17,'<b>Um Deus que ama e compreende a voz de cada crente!</b>','Um Deus que ama e compreende<br>a voz de cada crente!',1,NULL),(18,18,'<b>Se quer milagre, ora! Queres cura, ora! Quer resposta, ora! Providência, ora!</b>','Se quer milagre, ora! Queres cura, ora!<br>Quer resposta, ora! Providência, ora!',1,NULL),(18,19,'<b>Queres ser usado? O segredo é oração! É vida no altar,<br>Vida de comunhão!</b>','Queres ser usado? O segredo é oração!<br>É vida no altar, Vida de comunhão!',1,NULL),(18,20,'<b>Então vai orando,<br>Vai clamando,<br>Vai chorando<br>Até tocar o céu!</b>','Então vai orando, Vai clamando,<br>Vai chorando Até tocar o céu!',1,NULL),(18,21,'<b>De joelhos nos<br>tornamos íntimos<br>de Deus!</b>','De joelhos nos tornamos íntimos de Deus!',1,NULL),(18,22,'<b>Um Deus que ama e compreende a voz de cada crente!</b>','Um Deus que ama e compreende<br>a voz de cada crente!',1,NULL),(18,23,'<b>Clame ao Senhor!</b>','Clame ao Senhor!',1,NULL),(18,24,'<b>Não cesse,<br>não pare, insista, avante prossiga,<br>de orar não desista,<br>Clame ao Senhor!</b>','Não cesse, não pare, insista, avante prossiga, de orar não desista, Clame ao Senhor!',1,NULL),(18,25,'<b>Ainda que faltem palavras o Deus que entende o gemido da alma já te escutou!</b>','Ainda que faltem palavras o Deus que entende o gemido da alma já te escutou!',1,NULL),(18,26,'<b>Pois da oração<br>de um justo<br>Deus se agrada!</b>','Pois da oração de um justo<br>Deus se agrada!',1,NULL),(18,27,'<b>A oração é a chave que abre as portas<br>A oração, o inimigo não suporta a oração</b>','A oração é a chave que abre as portas<br>A oração, o inimigo não suporta a oração',1,NULL),(18,28,'<b>É o meu<br>particular<br>com Deus,<br>é a oração!</b>','É o meu particular com Deus, é a oração!',1,NULL),(18,29,'<b>Se quer milagre, ora! Queres cura, ora! Quer resposta, ora! Providência, ora!</b>','Se quer milagre, ora! Queres cura, ora!<br>Quer resposta, ora! Providência, ora!',1,NULL),(18,30,'<b>Queres ser usado? O segredo é oração! É vida no altar,<br>Vida de comunhão!</b>','Queres ser usado? O segredo é oração!<br>É vida no altar, Vida de comunhão!',1,NULL),(18,31,'<b>Então vai orando,<br>Vai clamando,<br>Vai chorando<br>Até tocar o céu!</b>','Então vai orando, Vai clamando,<br>Vai chorando Até tocar o céu!',1,NULL),(18,32,'<b>De joelhos nos<br>tornamos íntimos<br>de Deus!</b>','De joelhos nos tornamos íntimos de Deus!',1,NULL),(18,33,'<b>Um Deus que ama e compreende a voz de cada crente!</b>','Um Deus que ama e compreende<br>a voz de cada crente!',1,NULL),(18,34,'<b>Se quer milagre, ora! Queres cura, ora! Quer resposta, ora! Providência, ora!</b>','Se quer milagre, ora! Queres cura, ora!<br>Quer resposta, ora! Providência, ora!',1,NULL),(18,35,'<b>Queres ser usado? O segredo é oração! É vida no altar,<br>Vida de comunhão!</b>','Queres ser usado? O segredo é oração!<br>É vida no altar, Vida de comunhão!',1,NULL),(18,36,'<b>Então vai orando,<br>Vai clamando,<br>Vai chorando<br>Até tocar o céu!</b>','Então vai orando, Vai clamando,<br>Vai chorando Até tocar o céu!',1,NULL),(18,37,'<b>De joelhos nos<br>tornamos íntimos<br>de Deus!</b>','De joelhos nos tornamos íntimos de Deus!',1,NULL),(18,38,'<b>Um Deus que ama e compreende a voz de cada crente!</b>','Um Deus que ama e compreende<br>a voz de cada crente!',1,NULL),(19,1,'<b>É a presença de<br>Deus em mim...<br></b><b>Que fez eu deixar este mundo<br>pra Lhe servir!</b>','É a presença de Deus em mim...<br>Que fez eu deixar este mundo pra Lhe servir!',1,NULL),(19,2,'<b>É a presença de Deus em mim...<br></b><b>Que me tornou o homem mais feliz!</b>','É a presença de Deus em mim...<br>Que me tornou o homem mais feliz!',1,NULL),(19,3,'<b>É Tua presença que faz o caído levantar!<br></b><b></b><b>Que faz o homem<br>o pecado deixar</b>','É Tua presença que faz o caído levantar!<br>Que faz o homem o pecado deixar',1,NULL),(19,4,'<b>Que faz<br>o fraco<br>ficar forte!</b>','Que faz o fraco ficar forte!',1,NULL),(19,5,'<b>É Tua presença<br>que põe medo<br>no inimigo!</b>','É Tua presença que<br>põe medo no inimigo!',1,NULL),(19,6,'<b>Que faz o fracassado invencível,<br></b><b>Que nos dá razão pra viver!</b>','Que faz o fracassado invencível,<br>Que nos dá razão pra viver!',3,NULL),(19,7,'<b>É a presença de Deus em mim...<br></b><b>Que me dá forças para prosseguir!</b>','É a presença de Deus em mim...<br>Que me dá forças para prosseguir!',1,NULL),(19,8,'<b>Me faz chorar,<br>me faz sentir<br></b><b>A Sua paz e o Seu amor em mim!</b>','Me faz chorar, me faz sentir<br>A Sua paz e o Seu amor em mim!',1,NULL),(19,9,'<b>É Tua presença que faz o caído levantar!<br></b><b>Que faz o homem<br>o pecado deixar</b>','É Tua presença que faz o caído levantar!<br>Que faz o homem o pecado deixar',1,NULL),(19,10,'<b>Que faz<br>o fraco<br>ficar forte!</b>','Que faz o fraco ficar forte!',1,NULL),(19,11,'<b>É Tua presença<br>que põe medo<br>no inimigo!</b>','É Tua presença que<br>põe medo no inimigo!',1,NULL),(19,12,'<b>Que faz o fracassado invencível,<br></b><b>Que nos dá razão pra viver!</b>','Que faz o fracassado invencível,<br>Que nos dá razão pra viver!',1,NULL),(19,13,'<b>É Tua presença<br>que põe medo<br>no inimigo!</b>','É Tua presença que<br>põe medo no inimigo!',1,NULL),(19,14,'<b>Que faz o fracassado invencível,<br></b><b>Que nos dá razão pra viver! (3x)</b>','Que faz o fracassado invencível,<br>Que nos dá razão pra viver! (3x)',1,NULL),(20,1,'<b>É noite e&nbsp;você<br>trancado em<br>seu quarto...</b>','É noite e você trancado em seu quarto...',1,NULL),(20,2,'<b>Só Deus compreende<br>e vê o teu<br>desabafo...</b>','Só Deus compreende<br>e vê o teu desabafo...',1,NULL),(20,3,'<b>Você só chora<br>e de sua boca<br>só se ouve gemidos...</b>','Você só chora e de sua boca<br>só se ouve gemidos...',1,NULL),(20,4,'<b>Já é madrugada, você quer resposta...</b>','Já é madrugada, você quer resposta...',1,NULL),(20,5,'<b>O seu&nbsp;coração,<br>a Deus,&nbsp;implora vitória!</b>','O seu coração, a Deus, implora vitória!',1,NULL),(20,6,'<b>E logo amanhece,<br>você é renovado!<br>Deus contigo fala</b>','E logo amanhece, você é renovado!<br>Deus contigo fala',1,NULL),(20,7,'<b>Eu cuido<br>de você,<br>conheço o teu sofrimento!</b>','Eu cuido de você, conheço o teu sofrimento!',1,NULL),(20,8,'<b>Você não<br>vai morrer!<br>Ainda não<br>é o tempo!</b>','Você não vai morrer! Ainda não é o tempo!',1,NULL),(20,9,'<b>A prova é grande, bem maior é a vitória que Eu<br>estou preparando!</b>','A prova é grande, bem maior é a<br>vitória que Eu estou preparando!',1,NULL),(20,10,'<b>Já é madrugada, você quer resposta...</b>','Já é madrugada, você quer resposta...',1,NULL),(20,11,'<b>O seu&nbsp;coração,<br>a Deus,&nbsp;implora vitória!</b>','O seu coração, a Deus, implora vitória!',1,NULL),(20,12,'<b>E logo amanhece,<br>você é renovado!<br>Deus contigo fala</b>','E logo amanhece, você é renovado!<br>Deus contigo fala',1,NULL),(20,13,'<b>Eu cuido<br>de você,<br>conheço o teu sofrimento!</b>','Eu cuido de você, conheço o teu sofrimento!',1,NULL),(20,14,'<b>Você não<br>vai morrer!<br>Ainda não<br>é o tempo!</b>','Você não vai morrer! Ainda não é o tempo!',1,NULL),(20,15,'<b>A prova é grande, bem maior é a vitória que Eu<br>estou preparando!</b>','A prova é grande, bem maior é a<br>vitória que Eu estou preparando!',1,NULL),(20,16,'<b>Eu cuido<br>de você,<br>conheço o teu sofrimento!</b>','Eu cuido de você, conheço o teu sofrimento!',1,NULL),(20,17,'<b>Você não<br>vai morrer!<br>Ainda não<br>é o tempo!</b>','Você não vai morrer! Ainda não é o tempo!',1,NULL),(20,18,'<b>A prova é grande, bem maior é a vitória que Eu<br>estou preparando!</b>','A prova é grande, bem maior é a<br>vitória que Eu estou preparando!',1,NULL),(21,1,'<b>Meu Deus me<br>fez promessas,<br>Ele não se esquece do que prometeu!</b>','Meu Deus me fez promessas, Ele<br>não se esquece do que prometeu!',1,NULL),(21,2,'<b>É o Seu prazer cumprir tudo<br>o que me diz!</b>','É o Seu prazer cumprir tudo o que me diz!',1,NULL),(21,3,'<b>Sei não está demorando<br>Está caprichando para me honrar!</b>','Sei não está demorando<br>Está caprichando para me honrar!',1,NULL),(21,4,'<b>É no Seu de repente que me surpreende E se manifesta o Seu Poder!</b>','É no Seu de repente que me surpreende<br>E se manifesta o Seu Poder!',1,NULL),(21,5,'<b>A última palavra vem de Deus<br>Ao meu respeito<br>e ao teu!</b>','A última palavra vem de Deus<br>Ao meu respeito e ao teu!',1,NULL),(21,6,'<b>Não temerei<br>o dia mal!<br>Deus é fiel,<br>não falhará!</b>','Não temerei o dia mal!<br>Deus é fiel, não falhará!',1,NULL),(21,7,'<b>A última palavra vem de Deus<br>Ao meu respeito<br>e ao teu!</b>','A última palavra vem de Deus<br>Ao meu respeito e ao teu!',1,NULL),(21,8,'<b>Não temerei<br>o dia mal!<br>Deus é fiel,<br>não falhará!</b>','Não temerei o dia mal!<br>Deus é fiel, não falhará!',1,NULL),(21,9,'<b>Sei não está demorando<br>Está caprichando para me honrar!</b>','Sei não está demorando<br>Está caprichando para me honrar!',1,NULL),(21,10,'<b>É no Seu de repente que me surpreende E se manifesta o Seu Poder!</b>','É no Seu de repente que me surpreende<br>E se manifesta o Seu Poder!',1,NULL),(21,11,'<b>A última palavra vem de Deus<br>Ao meu respeito<br>e ao teu!</b>','A última palavra vem de Deus<br>Ao meu respeito e ao teu!',1,NULL),(21,12,'<b>Não temerei<br>o dia mal!<br>Deus é fiel,<br>não falhará!</b>','Não temerei o dia mal!<br>Deus é fiel, não falhará!',1,NULL),(21,13,'<b>Ele tem<br>suprido minhas necessidades...</b>','Ele tem suprido minhas necessidades...',1,NULL),(21,14,'<b>Segundo Suas<br>riquezas e o<br>Seu poder!</b>','Segundo Suas riquezas e o Seu poder!',1,NULL),(21,15,'<b>Ele tem agido de várias maneiras<br>Pra me favorecer!</b>','Ele tem agido de várias maneiras<br>Pra me favorecer!',1,NULL),(21,16,'<b>Ele tem<br>suprido minhas necessidades...</b>','Ele tem suprido minhas necessidades...',1,NULL),(21,17,'<b>Segundo Suas<br>riquezas e o<br>Seu poder!</b>','Segundo Suas riquezas e o Seu poder!',1,NULL),(21,18,'<b>Ele tem agido de várias maneiras<br>Pra me favorecer!</b>','Ele tem agido de várias maneiras<br>Pra me favorecer!',1,NULL),(21,19,'<b>A última palavra vem de Deus<br>Ao meu respeito<br>e ao teu!</b>','A última palavra vem de Deus<br>Ao meu respeito e ao teu!',1,NULL),(21,20,'<b>Não temerei<br>o dia mal!<br>Deus é fiel,<br>não falhará!</b>','Não temerei o dia mal!<br>Deus é fiel, não falhará!',1,NULL),(21,21,'<b>A última palavra vem de Deus<br>Ao meu respeito<br>e ao teu!</b>','A última palavra vem de Deus<br>Ao meu respeito e ao teu!',1,NULL),(21,22,'<b>Não temerei<br>o dia mal!<br>Deus é fiel,<br>não falhará!</b>','Não temerei o dia mal!<br>Deus é fiel, não falhará!',1,NULL),(22,1,'<b>A vida com<br>Jesus é doce,<br>doce, doce<br>como o mel!</b>','A vida com Jesus é doce,<br>doce, doce como o mel!',1,NULL),(22,2,'<b>Paz, amor<br>e alegria,<br>um pedacinho<br>do céu!</b>','Paz, amor e alegria,<br>um pedacinho do céu!',1,NULL),(22,3,'<b>A vida com<br>Jesus é doce,<br>doce, doce<br>como o mel!</b>','A vida com Jesus é doce,<br>doce, doce como o mel!',1,NULL),(22,4,'<b>Paz, amor<br>e alegria,<br>um pedacinho<br>do céu!</b>','Paz, amor e alegria,<br>um pedacinho do céu!',1,NULL),(22,5,'<b>Te dou um sorriso,<br>gostinho gostoso,<br>te dou um abraço,<br>amigo carinhoso!</b>','Te dou um sorriso, gostinho gostoso,<br>te dou um abraço, amigo carinhoso!',1,NULL),(22,6,'<b>A amizade é um<br>tesouro que vale<br>mais, muito mais<br>do que ouro!</b>','A amizade é um tesouro que vale<br>mais, muito mais do que ouro!',1,NULL),(22,7,'<b>A vida com<br>Jesus é doce,<br>doce, doce<br>como o mel!</b>','A vida com Jesus é doce,<br>doce, doce como o mel!',1,NULL),(22,8,'<b>Paz, amor<br>e alegria,<br>um pedacinho<br>do céu!</b>','Paz, amor e alegria,<br>um pedacinho do céu!',1,NULL),(22,9,'<b>A vida com<br>Jesus é doce,<br>doce, doce<br>como o mel!</b>','A vida com Jesus é doce,<br>doce, doce como o mel!',1,NULL),(22,10,'<b>Paz, amor<br>e alegria,<br>um pedacinho<br>do céu!</b>','Paz, amor e alegria,<br>um pedacinho do céu!',1,NULL),(22,11,'<b>Digo não à briga,<br>vivo em união,<br>eu sou da paz,<br>te estendo a<br>minha mão!</b>','Digo não à briga, vivo em união, eu<br>sou da paz, te estendo a minha mão!',1,NULL),(22,12,'<b>Cheio de amor está<br>meu coração!&nbsp;Vivo<br>feliz e pra você eu<br>canto está canção</b>','Cheio de amor está meu coração!<br>Vivo feliz e pra você eu canto está canção',1,NULL),(22,13,'<b>A vida com<br>Jesus é doce,<br>doce, doce<br>como o mel!</b>','A vida com Jesus é doce,<br>doce, doce como o mel!',1,NULL),(22,14,'<b>Paz, amor<br>e alegria,<br>um pedacinho<br>do céu!</b>','Paz, amor e alegria,<br>um pedacinho do céu!',1,NULL),(22,15,'<b>A vida com<br>Jesus é doce,<br>doce, doce<br>como o mel!</b>','A vida com Jesus é doce,<br>doce, doce como o mel!',1,NULL),(22,16,'<b>Paz, amor&nbsp;e<br>alegria,&nbsp;um<br>pedacinho<br>do céu! (2x)</b>','Paz, amor e alegria,<br>um pedacinho do céu! (2x)',1,NULL),(23,1,'<b>Oh... oh... oh... ôuo...</b>','Oh... oh... oh... ôuo...',1,NULL),(23,2,'<b>A vida...&nbsp;<br></b><b>A vida é tudo de bom! (2x)</b>','A vida... A vida é tudo de bom! (2x)',1,NULL),(23,3,'<b>Eu ando<br>sorrindo à toa,<br>tô de bem com a<br>vida! E a vida...</b>','Eu ando sorrindo à toa,&nbsp;tô&nbsp;de<br>bem com a vida! E a vida...',1,NULL),(23,4,'<b>A vida é tudo de bom! (2x)</b>','A vida é tudo de bom! (2x)',1,NULL),(23,5,'<b>Eu vou contar<br>pra todo mundo<br>Jesus é a Vida<br>e eu vou...</b>','Eu vou contar pra todo mundo<br>Jesus é a Vida e eu vou...',1,NULL),(23,6,'<b>Eu vou cortando<br>a estrada do<br>Brasil, eu vou!</b>','Eu vou cortando a estrada do Brasil, eu vou!',1,NULL),(23,7,'<b>Passo em<br>Goiânia minha<br>terra linda e<br>de lá eu vou,</b>','Passo em Goiânia minha<br>terra linda e de lá eu vou,',1,NULL),(23,8,'<b>Eu vou<br>pra&nbsp;capital,<br>Capital do Brasil,<br>linda Brasília! (2x)</b>','Eu vou pra capital, capital do Brasil,<br>linda Brasília! Linda Brasília!',1,NULL),(23,9,'<b>Vou visitando os<br></b><b>quatro cantos do<br>Brasil eu vou!</b>','Vou visitando os quatro<br>cantos do Brasil eu vou!',1,NULL),(23,10,'<b>Minas Gerais,<br>Rio de Janeiro, Mato<br>Grosso, Salvador,<br>Cuiabá, Maranhão,<br>São Paulo</b>','Minas Gerais, Rio de Janeiro, Mato Grosso,<br>Salvador, Cuiabá, Maranhão, São Paulo',1,NULL),(23,11,'<b>Levando o<br>verdadeiro amor!<br></b><b>Brasil é do<br>Senhor!</b>','Levando o verdadeiro amor!<br>Brasil é do Senhor!',1,NULL),(23,12,'<b>Se Deus fizer<br>chover vou adorar!<br>Na chuva, na chuva! (2x)</b>','Se Deus fizer chover vou adorar!<br>Na chuva, na chuva! Na chuva, na chuva!',1,NULL),(23,13,'<b>Mas se o sol<br>aparecer vou adorar<br>É no calor<br>do sol! (2x)</b>','Mas se o sol aparecer vou adorar<br>É no calor do sol! É no calor do sol!',1,NULL),(23,14,'<b>Se Deus fizer<br>chover vou adorar!<br>Na chuva, na chuva! (2x)</b>','Se Deus fizer chover vou adorar!<br>Na chuva, na chuva! Na chuva, na chuva!',1,NULL),(23,15,'<b>Mas se o sol<br>aparecer vou adorar<br>É no calor<br>do sol! (2x)</b>','Mas se o sol aparecer vou adorar<br>É no calor do sol! É no calor do sol!',1,NULL),(23,16,'<b>Oh... oh... oh... ôuo...</b>','Oh... oh... oh... ôuo...',1,NULL),(23,17,'<b>Eu vou cortando<br>a estrada do<br>Brasil, eu vou!</b>','Eu vou cortando a estrada do Brasil, eu vou!',1,NULL),(23,18,'<b>Passo em<br>Goiânia minha<br>terra boa e de<br>lá eu vou,</b>','Passo em Goiânia minha<br>terra boa e de lá eu vou,',1,NULL),(23,19,'<b>Eu vou pro<br>Paraná, de lá<br>pro Ceará<br>Terra bonita! (2x)</b>','Eu vou pro Paraná, de lá pro Ceará<br>Terra bonita! Terra bonita!',1,NULL),(23,20,'<b>Vou visitando os<br>quatro cantos do<br>Brasil eu vou!</b>','Vou visitando os quatro<br>cantos do Brasil eu vou!',1,NULL),(23,21,'<b>Bahia, Acre,<br>Tocantins, Espírito<br>Santo, Amapá,<br>Guarujá, São Paulo</b>','Bahia, Acre, Tocantins, Espírito Santo,<br>Amapá, Guarujá, São Paulo',1,NULL),(23,22,'<b>Levando o<br>verdadeiro amor!<br>Brasil é do<br>Senhor!</b>','Levando o verdadeiro amor!<br>Brasil é do Senhor!',1,NULL),(23,23,'<b>Se Deus fizer<br>chover vou adorar!<br>Na chuva, na chuva! (2x)</b>','Se Deus fizer chover vou adorar!<br>Na chuva, na chuva! Na chuva, na chuva!',1,NULL),(23,24,'<b>Mas se o sol<br>aparecer vou adorar<br>É no calor<br>do sol! (2x)</b>','Mas se o sol aparecer vou adorar<br>É no calor do sol! É no calor do sol!',1,NULL),(23,25,'<b>Se Deus fizer<br>chover vou adorar!<br>Na chuva, na chuva! (2x)</b>','Se Deus fizer chover vou adorar!<br>Na chuva, na chuva! Na chuva, na chuva!',1,NULL),(23,26,'<b>Mas se o sol<br>aparecer vou adorar<br>É no calor<br>do sol! (2x)</b>','Mas se o sol aparecer vou adorar<br>É no calor do sol! É no calor do sol!',1,NULL),(23,27,'<b>Oh... oh... oh... ôuo...</b>','Oh... oh... oh... ôuo...',1,NULL),(24,1,'<b>És adorado<br>entre nós, tão<br>desejado aqui!</b>','És adorado entre nós, tão desejado aqui!',1,NULL),(24,2,'<b>Mas nada se<br>comparará com a<br>glória que há de<br>vir! Oh... Oh... Oh!</b>','Mas nada se comparará com a glória<br>que há de vir! Oh... Oh... Oh!',1,NULL),(24,3,'<b>Eu não sou<br>daqui, pra<br>casa voltarei!</b>','Eu não sou daqui, pra casa voltarei!',1,NULL),(24,4,'<b>Ele vem me<br>buscar, e com<br>Ele eu irei!</b>','Ele vem me buscar, e com Ele eu irei!',1,NULL),(24,5,'<b>Eu não sou<br>daqui, pra<br>casa voltarei!</b>','Eu não sou daqui, pra casa voltarei!',1,NULL),(24,6,'<b>Ele vem me<br>buscar, e com<br>Ele eu irei!</b>','Ele vem me buscar, e com Ele eu irei!',1,NULL),(24,7,'<b>Yeshua,&nbsp;o Messias<br>aguardado, Ele<br>vem me buscar<br>2x</b>','Yeshua, o Messias aguardado,<br>Ele vem me buscar (2x)',3,NULL),(24,8,'<b>És adorado<br>entre nós, tão<br>desejado aqui!</b>','És adorado entre nós, tão desejado aqui!',1,NULL),(24,9,'<b>Mas nada se<br>comparará com a<br>glória que há de<br>vir! Oh... Oh... Oh!</b>','Mas nada se comparará com a glória<br>que há de vir! Oh... Oh... Oh!',1,NULL),(24,10,'<b>Eu não sou<br>daqui, pra<br>casa voltarei!</b>','Eu não sou daqui, pra casa voltarei!',1,NULL),(24,11,'<b>Ele vem me<br>buscar, e com<br>Ele eu irei!</b>','Ele vem me buscar, e com Ele eu irei!',1,NULL),(24,12,'<b>Eu não sou<br>daqui, pra<br>casa voltarei!</b>','Eu não sou daqui, pra casa voltarei!',1,NULL),(24,13,'<b>Ele vem me<br>buscar, e com<br>Ele eu irei!</b>','Ele vem me buscar, e com Ele eu irei!',1,NULL),(24,14,'<b>Yeshua,&nbsp;o Messias<br>aguardado, Ele<br>vem me buscar<br>2x</b>','Yeshua, o Messias aguardado,<br>Ele vem me buscar (2x)',1,NULL),(24,15,'<b>Em breve<br>Jesus, no céu<br>vai aparecer</b>','Em breve Jesus, no céu vai aparecer',1,NULL),(24,16,'<b>E todo joelho<br>se dobrará,<br>e toda língua<br>confessará</b>','E todo joelho se dobrará,<br>e toda língua confessará',1,NULL),(24,17,'<b>Mas a Igreja será<br>arrebatada, num<br>piscar de olhos<br>acontecerá! (2x)</b>','Mas a Igreja será arrebatada, num<br>piscar de olhos acontecerá! (2x)',1,NULL),(24,18,'<b>Yeshua! Yeshua!<br><br>Yeshua! Yeshua!</b>','Yeshua! Yeshua! Yeshua! Yeshua!',1,NULL),(24,19,'<b>Mas a Igreja será<br>arrebatada, num<br>piscar de olhos<br>acontecerá! (2x)</b>','Mas a Igreja será arrebatada, num<br>piscar de olhos acontecerá! (2x)',1,NULL),(24,20,'<b>Yeshua, o Messias<br>aguardado, Ele<br>vem me buscar<br>2x</b>','Yeshua, o Messias aguardado,<br>Ele vem me buscar (2x)',1,NULL),(25,1,'<mark class=\"cdx-marker\">Solo<b>:</b></mark><b><br></b>Já podemos ouvir<br>a voz de Deus<br>neste lugar','Já podemos ouvir a voz de Deus neste lugar',1,NULL),(25,2,'Fiquemos<br>atentos para<br>ouvir Deus falar','Fiquemos atentos para ouvir Deus falar',1,NULL),(25,3,'Ele fala como quer,<br>é só você usar a fé<br>E verás que esta<br>voz contigo é','Ele fala como quer, é só você usar a fé<br>E verás que esta voz contigo é',1,NULL),(25,4,'Sua voz soa<br>como um trovão<br>Ela está em<br>cada coração','Sua voz soa como um trovão<br>Ela está em cada coração',1,NULL),(25,5,'No louvor,<br>Na palavra,<br>No testemunho<br>de um irmão','No louvor, na palavra,<br>No testemunho de um irmão',1,NULL),(25,6,'No sorriso<br>da criança,<br>No amor,&nbsp;na<br>esperança','No sorriso da criança,<br>No amor, na esperança',1,NULL),(25,7,'E até mesmo<br>no pedido<br>de perdão!','E até mesmo no pedido de perdão!',1,NULL),(25,8,'<mark class=\"cdx-marker\">Todas:</mark><b>Basta<br>somente você<br>crer que esta voz<br>tem o poder,</b>','Basta somente você crer<br>que esta voz tem o poder,',1,NULL),(25,9,'<b>E esta voz está falando com você!</b>','E esta voz está falando com você!',1,NULL),(25,10,'<b>Quando Ele fala,<br>toda a terra cala<br>Até o inferno tem<br>que obedecer!</b>','Quando Ele fala, toda a terra cala<br>Até o inferno tem que obedecer!',1,NULL),(25,11,'<b>Ele quebra o arco,<br>despedaça a lança<br>Tempestade<br>em bonança<br>hoje vai fazer!</b>','Ele quebra o arco, despedaça a lança<br>Tempestade em bonança hoje vai fazer!',1,NULL),(25,12,'<b>Ele levanta a voz,<br>faz a guerra cessar<br>Ele detém o sol,<br>faz a lua parar</b>','Ele levanta a voz, faz a guerra cessar<br>Ele detém o sol, faz a lua parar',1,NULL),(25,13,'<b>Ele ordena Seus<br>anjos pra contigo<br>lutar e teus inimigos<br>têm que recuar</b>','Ele ordena Seus anjos pra contigo<br>lutar e teus inimigos têm que recuar',1,NULL),(25,14,'<b>Não importa o problema Deus tem solução,</b>','Não importa o problema Deus tem solução,',1,NULL),(25,15,'<b>Ele estará<br>contigo em<br>qualquer situação!</b>','Ele estará contigo em qualquer situação!',1,NULL),(25,16,'<b>No mar ou no deserto Deus está por perto! Estende a mão</b>','No mar ou no deserto Deus<br>está por perto! Estende a mão',1,'Solo orquestra'),(25,17,'<b>Sua voz soa<br>como um trovão<br>Ela está em<br>cada coração</b>','Sua voz soa como um trovão<br>Ela está em cada coração',1,NULL),(25,18,'<b>No louvor,<br>Na palavra,<br>No testemunho<br>de um irmão</b>','No louvor, na palavra,<br>No testemunho de um irmão',1,NULL),(25,19,'<b>No sorriso<br>da criança,<br>No amor,&nbsp;na<br>esperança</b>','No sorriso da criança,<br>No amor, na esperança',1,NULL),(25,20,'<b>E até mesmo<br>no pedido<br>de perdão!</b>','E até mesmo no pedido de perdão!',1,NULL),(25,21,'<b></b><b>Basta&nbsp;somente<br>você crer<br>que esta voz<br>tem o poder,</b>','Basta somente você crer<br>que esta voz tem o poder,',1,NULL),(25,22,'<b>E esta voz está falando com você!</b>','E esta voz está falando com você!',1,NULL),(25,23,'<b>Quando Ele fala,<br>toda a terra cala<br>Até o inferno tem<br>que obedecer!</b>','Quando Ele fala, toda a terra cala<br>Até o inferno tem que obedecer!',1,NULL),(25,24,'<b>Ele quebra o arco,<br>despedaça a lança<br>Tempestade<br>em bonança<br>hoje vai fazer!</b>','Ele quebra o arco, despedaça a lança<br>Tempestade em bonança hoje vai fazer!',1,NULL),(25,25,'<b>Ele levanta a voz,<br>faz a guerra cessar<br>Ele detém o sol,<br>faz a lua parar</b>','Ele levanta a voz, faz a guerra cessar<br>Ele detém o sol, faz a lua parar',1,NULL),(25,26,'<b>Ele ordena Seus<br>anjos pra contigo<br>lutar e teus inimigos<br>têm que recuar</b>','Ele ordena Seus anjos pra contigo<br>lutar e teus inimigos têm que recuar',1,NULL),(25,27,'<b>Não importa o problema Deus tem solução,</b>','Não importa o problema Deus tem solução,',1,NULL),(25,28,'<b>Ele estará<br>contigo em<br>qualquer situação!</b>','Ele estará contigo em qualquer situação!',1,NULL),(25,29,'<b>No mar ou no deserto Deus está por perto! Estende a mão</b>','No mar ou no deserto Deus<br>está por perto! Estende a mão',1,NULL),(25,30,'<b>Ele levanta a voz,<br>faz a guerra cessar<br>Ele detém o sol,<br>faz a lua parar</b>','Ele levanta a voz, faz a guerra cessar<br>Ele detém o sol, faz a lua parar',1,NULL),(25,31,'<b>Ele ordena Seus<br>anjos pra contigo<br>lutar e teus inimigos<br>têm que recuar</b>','Ele ordena Seus anjos pra contigo<br>lutar e teus inimigos têm que recuar',1,NULL),(25,32,'<b>Não importa o problema Deus tem solução,</b>','Não importa o problema Deus tem solução,',1,NULL),(25,33,'<b>Ele estará<br>contigo em<br>qualquer situação!</b>','Ele estará contigo em qualquer situação!',1,NULL),(25,34,'<b>No mar ou no<br>deserto Deus<br>está por perto!<br>Estende a mão (2x)</b>','No mar ou no deserto Deus está por perto!<br>Estende a mão (2x)',1,NULL),(26,1,'<mark class=\"cdx-marker\">Solo:</mark>Abra o<br>seu coração,<br>Deixe Deus<br>falar contigo!','Abra o seu coração,<br>Deixe Deus falar contigo!',1,NULL),(26,2,'Ele diz que terminou,<br>Ele diz que acabou,<br>O inimigo está vencido!','Ele diz que terminou, Ele diz que acabou,<br>O inimigo está vencido!',1,NULL),(26,3,'Põe agora a tua fé em Jesus de Nazaré','Põe agora a tua fé em Jesus de Nazaré',1,NULL),(26,4,'E esqueça a sua<br>luta, vê se agora<br>me escuta, o teu<br>Deus está aqui!','E esqueça a sua luta, vê se agora<br>me escuta, o teu Deus está aqui!',1,NULL),(26,5,'<mark class=\"cdx-marker\">Todas:<br></mark><b>Passe pela luta<br>cantando ao Senhor,</b>','Passe pela luta cantando ao Senhor,',1,NULL),(26,6,'<b>Passe pela prova exaltando com amor</b>','Passe pela prova exaltando com amor',1,NULL),(26,7,'<b>Passe na fornalha<br>que Ele vai estar lá,<br>Ele pisa na brasa<br>pra lá e pra cá!</b>','Passe na fornalha que Ele vai estar lá,<br>Ele pisa na brasa pra lá e pra cá!',1,NULL),(26,8,'<b>Você tem um Deus que escreve e apaga,</b>','Você tem um Deus que escreve e apaga,',1,NULL),(26,9,'<b>Derruba o inimigo das nossas almas,</b>','Derruba o inimigo das nossas almas,',1,NULL),(26,10,'<b>Mesmo se na cova do leão você está, Ele é o Leão da Tribo de Judá!</b>','Mesmo se na cova do leão você está,<br>Ele é o Leão da Tribo de Judá!',1,NULL),(26,11,'<mark class=\"cdx-marker\">Todas:</mark><br><b>Põe agora a&nbsp;tua<br>fé em Jesus<br>de Nazaré</b>','Põe agora a tua fé em Jesus de Nazaré',1,NULL),(26,12,'<b>E esqueça a sua<br>luta, vê se agora<br>me escuta, O teu<br>Deus está aqui!</b>','E esqueça a sua luta, vê se agora<br>me escuta, O teu Deus está aqui!',1,NULL),(26,13,'<b>Passe pela luta cantando ao Senhor,</b>','Passe pela luta cantando ao Senhor,',1,NULL),(26,14,'<b>Passe pela prova exaltando com amor</b>','Passe pela prova exaltando com amor',1,NULL),(26,15,'<b>Passe na fornalha<br>que Ele vai estar lá,<br>Ele pisa na brasa<br>pra lá e pra cá!</b>','Passe na fornalha que Ele vai estar lá,<br>Ele pisa na brasa pra lá e pra cá!',1,NULL),(26,16,'<b>Você tem um Deus que escreve e apaga,</b>','Você tem um Deus que escreve e apaga,',1,NULL),(26,17,'<b>Derruba o inimigo das nossas almas,</b>','Derruba o inimigo das nossas almas,',1,NULL),(26,18,'<b>Mesmo se na cova do leão você está, Ele é o Leão da Tribo de Judá!</b>','Mesmo se na cova do leão você está,<br>Ele é o Leão da Tribo de Judá!',1,'Passa mais cedo, a palavra “Judá” é parcialmente omitida'),(26,19,'<b>Passe pela luta cantando ao Senhor,</b>','Passe pela luta cantando ao Senhor,',1,NULL),(26,20,'<b>Passe pela prova exaltando com amor</b>','Passe pela prova exaltando com amor',1,NULL),(26,21,'<b>Passe na fornalha<br>que Ele vai estar lá,<br>Ele pisa na brasa<br>pra lá e pra cá!</b>','Passe na fornalha que Ele vai estar lá,<br>Ele pisa na brasa pra lá e pra cá!',1,NULL),(26,22,'<b>Você tem um Deus que escreve e apaga,</b>','Você tem um Deus que escreve e apaga,',1,NULL),(26,23,'<b>Derruba o inimigo das nossas almas,</b>','Derruba o inimigo das nossas almas,',1,NULL),(26,24,'<b>Mesmo se na cova do leão você está, Ele é o Leão da Tribo de Judá!</b>','Mesmo se na cova do leão você está,<br>Ele é o Leão da Tribo de Judá!',1,NULL),(26,25,'<b>Só Ele é Deus!</b>','Só Ele é Deus!',1,NULL),(27,1,'<b>Preciso tanto<br>de uma chance<br>Sei que o chão<br>não é o meu lugar</b>','Preciso tanto de uma chance<br>Sei que o chão não é o meu lugar',1,NULL),(27,2,'<b>Estou cansado<br>dessa escuridão<br>É por isso que<br>eu Te espero</b>','Estou cansado dessa escuridão<br>É por isso que eu Te espero',1,NULL),(27,3,'<b>É por isso que eu Te clamo, Filho de Davi!</b>','É por isso que eu Te clamo, Filho de Davi!',1,NULL),(27,4,'<b>Queria tanto olhar<br>pro céu, contemplar<br>a grandeza do<br>meu Deus!</b>','Queria tanto olhar pro céu, contemplar<br>a grandeza do meu Deus!',1,NULL),(27,5,'<b>Diferente da atitude<br>de Tomé, quero ver<br>porque eu creio,<br>porque eu tenho fé!</b>','Diferente da atitude de Tomé, quero ver<br>porque eu creio, porque eu tenho fé!',1,NULL),(27,6,'<b>Queria tanto<br>receber a cura,<br>o milagre eu<br>quero ver!</b>','Queria tanto receber a cura,<br>o milagre eu quero ver!',1,NULL),(27,7,'<b>Gritarei o Seu nome<br>com muita fé e Ele<br>me atenderá, me<br>colocará de pé...</b>','Gritarei o Seu nome com muita fé e<br>Ele me atenderá, me colocará de pé...',1,NULL),(27,8,'<b>Abra... Abra os<br>meus olhos!<br>Dá-me a visão!</b>','Abra... Abra os meus olhos! Dá-me a visão!',1,NULL),(27,9,'<b>Eu preciso ver...<br>Eu quero ver<br>aqu’Ele que<br>faz o milagre!</b>','Eu preciso ver... Eu quero ver<br>aqu’Ele que faz o milagre!',1,NULL),(27,10,'<b>Abra... Abra os<br>meus olhos!<br>Dá-me a visão!</b>','Abra... Abra os meus olhos! Dá-me a visão!',1,NULL),(27,11,'<b>Eu preciso ver...<br>Eu quero ver<br>aqu’Ele que<br>faz o milagre!</b>','Eu preciso ver... Eu quero ver<br>aqu’Ele que faz o milagre!',1,NULL),(27,12,'<b>Queria tanto olhar<br>pro céu, contemplar<br>a grandeza do<br>meu Deus!</b>','Queria tanto olhar pro céu, contemplar<br>a grandeza do meu Deus!',1,NULL),(27,13,'<b>Diferente da atitude<br>de Tomé, quero ver<br>porque eu creio,<br>porque eu tenho fé!</b>','Diferente da atitude de Tomé, quero ver<br>porque eu creio, porque eu tenho fé!',1,NULL),(27,14,'<b>Queria tanto<br>receber a cura,<br>o milagre eu<br>quero ver!</b>','Queria tanto receber a cura,<br>o milagre eu quero ver!',1,NULL),(27,15,'<b>Gritarei o Seu nome<br>com muita fé e Ele<br>me atenderá, me<br>colocará de pé...</b>','Gritarei o Seu nome com muita fé e<br>Ele me atenderá, me colocará de pé...',1,NULL),(27,16,'<b>Abra... Abra os<br>meus olhos!<br>Dá-me a visão!</b>','Abra... Abra os meus olhos! Dá-me a visão!',1,NULL),(27,17,'<b>Eu preciso ver...<br>Eu quero ver<br>aqu’Ele que<br>faz o milagre!</b>','Eu preciso ver... Eu quero ver<br>aqu’Ele que faz o milagre!',1,NULL),(27,18,'<b>Abra... Abra os<br>meus olhos!<br>Dá-me a visão!</b>','Abra... Abra os meus olhos! Dá-me a visão!',1,NULL),(27,19,'<b>Eu preciso ver...<br>Eu quero ver<br>aqu’Ele que<br>faz o milagre!</b>','Eu preciso ver... Eu quero ver<br>aqu’Ele que faz o milagre!',1,NULL),(27,20,'<b>Toca, toca em<br>meus olhos<br>Abra os<br>meus olhos</b>','Toca, toca em meus olhos<br>Abra os meus olhos',1,NULL),(27,21,'<b>Quero olhar<br>em Sua face,<br>Esse é o<br>meu sonho</b>','Quero olhar em Sua face,<br>Esse é o meu sonho',1,NULL),(27,22,'<b>Ver a&nbsp;Tua glória,<br></b><b>Ver a&nbsp;Tua glória,</b><b><br></b>','Ver a Tua glória, Ver a Tua glória,',1,NULL),(27,23,'<b></b><b>Esse é o meu&nbsp;sonho... Atenda-me!</b>','Esse é o meu sonho... Atenda-me!',3,NULL),(27,24,'<b>Abra... Abra os<br>meus olhos!<br>Dá-me a visão!</b>','Abra... Abra os meus olhos! Dá-me a visão!',1,NULL),(27,25,'<b>Eu preciso ver...<br>Eu quero ver<br>aqu’Ele que<br>faz o milagre!</b>','Eu preciso ver... Eu quero ver<br>aqu’Ele que faz o milagre!',1,NULL),(27,26,'<b>Abra... Abra os<br>meus olhos!<br>Dá-me a visão!</b>','Abra... Abra os meus olhos! Dá-me a visão!',1,NULL),(27,27,'<b>Eu preciso ver...<br>Eu quero ver<br>aqu’Ele que<br>faz o milagre!</b>','Eu preciso ver... Eu quero ver<br>aqu’Ele que faz o milagre!',1,NULL),(27,28,'<b>Abra... Abra os<br>meus olhos!<br>Dá-me a visão!</b>','Abra... Abra os meus olhos! Dá-me a visão!',1,NULL),(27,29,'<b>Eu preciso ver...<br>Eu quero ver<br>Esta é a minha<br>chance...</b>','Eu preciso ver... Eu quero ver,<br>Esta é a minha chance...',1,NULL),(28,1,'<mark class=\"cdx-marker\">Solo:</mark>Calma,<br>tudo o que está<br>acontecendo está<br>sob o olhar de Deus','Calma, tudo o que está acontecendo<br>está sob o olhar de Deus',1,NULL),(28,2,'Calma, Deus<br>vai restituir em<br>dobro o que<br>você perdeu','Calma, Deus vai restituir em<br>dobro o que você perdeu',1,NULL),(28,3,'Aquela voz que você ouve tentando lhe desanimar...','Aquela voz que você ouve<br>tentando lhe desanimar...',1,NULL),(28,4,'Você chora e parece que o mundo vai desabar...','Você chora e parece que<br>o mundo vai desabar...',1,NULL),(28,5,'O milagre&nbsp;que<br>não chega,<br>A promessa&nbsp;que<br>não vem...','O milagre que não chega,<br>A promessa que não vem...',1,NULL),(28,6,'Você se pergunta: Será que Ele vem? Será que Jesus vem!?','Você se pergunta: Será que Ele vem?<br>Será que Jesus vem!?',1,NULL),(28,7,'Calma, tudo&nbsp;o que está acontecendo está sob o olhar de Deus','Calma, tudo o que está acontecendo<br>está sob o olhar de Deus',1,NULL),(28,8,'Calma, aquieta<br>o seu coração,<br>Ele cuida<br>dos Seus!','Calma, aquieta o seu coração,<br>Ele cuida dos Seus!',1,NULL),(28,9,'Não é essa luta,<br>não é essa prova<br>que vai lhe<br>fazer parar!','Não é essa luta, não é essa<br>prova que vai lhe fazer parar!',1,NULL),(28,10,'Se levante porque Deus está contigo pra lhe ajudar','Se levante porque Deus está<br>contigo pra lhe ajudar',1,NULL),(28,11,'Está chegando<br>a sua hora,<br>E quem sabe<br>é agora!','Está chegando a sua hora<br>E quem sabe é agora!',1,NULL),(28,12,'Mesmo que<br>ninguém lhe veja,<br>Ele sabe onde<br>você está!','Mesmo que ninguém lhe veja,<br>Ele sabe onde você está!',1,NULL),(28,13,'Então não há porque se preocupar!','Então não há porque se preocupar!',1,NULL),(28,14,'<mark class=\"cdx-marker\">Todas:<br></mark><b>Ele não dorme!<br>Ele não falha!<br>Ele não brinca!<br>Ele não tarda!</b>','Ele não dorme! Ele não falha!<br>Ele não brinca! Ele não tarda!',1,NULL),(28,15,'<b>Jesus cumpre<br>o que promete,<br>não é o homem<br>pra mentir, Ele<br>nunca se esquece!</b>','Jesus cumpre o que promete, não é o homem pra mentir Ele nunca se esquece!',1,NULL),(28,16,'<b>Se marcou,<br>assina embaixo!<br>Sua promessa tem data e horário!</b>','Se marcou, assina embaixo!<br>Sua promessa tem data e horário!',1,NULL),(28,17,'<b>O tempo é d’Ele,<br>Ele sabe o dia<br>Sua palavra é a própria profecia!</b>','O tempo é d’Ele, Ele sabe o dia<br>Sua palavra é a própria profecia!',1,NULL),(28,18,'<b>Confia, confia, confia em Deus confia!</b>','Confia, confia, confia em Deus confia!',1,NULL),(28,19,'<b>Confia meu irmão, tem vitória chegando<br>Confia meu irmão!</b>','Confia meu irmão, tem vitória chegando<br>Confia meu irmão!',3,'Vai ter declamação'),(28,20,'<b>Ele não dorme!<br>Ele não falha!<br>Ele não brinca!<br>Ele não tarda!</b>','Ele não dorme! Ele não falha!<br>Ele não brinca! Ele não tarda!',1,NULL),(28,21,'<b>Jesus cumpre<br>o que promete,<br>não é o homem<br>pra mentir, Ele<br>nunca se esquece!</b>','Jesus cumpre o que promete, não é o homem pra mentir Ele nunca se esquece!',1,NULL),(28,22,'<b>Se marcou,<br>assina embaixo!<br>Sua promessa tem data e horário!</b>','Se marcou, assina embaixo!<br>Sua promessa tem data e horário!',1,NULL),(28,23,'<b>O tempo é d’Ele,<br>Ele sabe o dia<br>Sua palavra é a própria profecia!</b>','O tempo é d’Ele, Ele sabe o dia<br>Sua palavra é a própria profecia!',1,NULL),(28,24,'<b>Confia, confia, confia em Deus confia!</b>','Confia, confia, confia em Deus confia!',1,NULL),(28,25,'<b>Confia meu irmão,<br>tem vitória chegando<br>Levante a sua mão!</b>','Confia meu irmão, tem vitória chegando<br>Levante a sua mão!',1,NULL),(28,26,'<b>Receba, receba, receba agora!</b>','Receba, receba, receba agora!',1,NULL),(28,27,'<b>Vitória, vitória!<br>Adore, é dia de vitória! É dia<br>de vitória!</b>','Vitória, vitória! Adore, é dia de vitória!<br>É dia de vitória!',1,NULL),(29,1,'<b>Recebi no meu<br>e-mail&nbsp;um recadinho legal, Dizendo<br>que Jesus é o<br>amigo especial</b>','Recebi no meu e-mail um recadinho legal,<br>Dizendo que Jesus é o amigo especial',1,NULL),(29,2,'<b>E no final o recadinho diz,&nbsp;sabe o que? Que Ele quer me fazer feliz!</b>','E no final o recadinho diz, sabe o que?<br>Que Ele quer me fazer feliz!',1,NULL),(29,3,'<b>Adicionei Jesus<br>na minha vida<br>Adicionei Jesus<br>no meu coração</b>','Adicionei Jesus na minha vida<br>Adicionei Jesus no meu coração',1,NULL),(29,4,'<b>Agora<br>estou legal<br>Ele é meu amigo especial!</b>','Agora estou legal Ele é meu amigo especial!',1,NULL),(29,5,'<b>Adicionei Jesus<br>na minha vida<br>Adicionei Jesus<br>no meu coração</b>','Adicionei Jesus na minha vida<br>Adicionei Jesus no meu coração',1,NULL),(29,6,'<b>Agora<br>estou legal<br>Ele é meu amigo especial!</b>','Agora estou legal Ele é meu amigo especial!',1,NULL),(29,7,'<b>A tristeza...<br>Ele deletou!&nbsp;<br></b><b>A alegria...<br>Ele adicionou!</b>','A tristeza... Ele deletou!<br>A alegria... Ele adicionou!',1,NULL),(29,8,'<b>E o mal... Ele apagou!</b>','E o mal... Ele apagou!',1,NULL),(29,9,'<b>A tristeza...<br>Ele deletou!&nbsp;<br></b><b>A alegria...<br>Ele adicionou!</b>','A tristeza... Ele deletou!<br>A alegria... Ele adicionou!',1,NULL),(29,10,'<b>E o mal... Ele apagou!</b>','E o mal... Ele apagou!',1,NULL),(29,11,'<b>E no final o recadinho diz, sabe o que? Que Ele quer me fazer feliz!</b>','E no final o recadinho diz, sabe o que?<br>Que Ele quer me fazer feliz!',1,NULL),(29,12,'<b>Adicionei Jesus<br>na minha vida<br>Adicionei Jesus<br>no meu coração</b>','Adicionei Jesus na minha vida<br>Adicionei Jesus no meu coração',1,NULL),(29,13,'<b>Agora<br>estou legal<br>Ele é meu amigo especial!</b>','Agora estou legal Ele é meu amigo especial!',1,NULL),(29,14,'<b>Adicionei Jesus<br>na minha vida<br>Adicionei Jesus<br>no meu coração</b>','Adicionei Jesus na minha vida<br>Adicionei Jesus no meu coração',1,NULL),(29,15,'<b>Agora<br>estou legal<br>Ele é meu amigo especial!</b>','Agora estou legal Ele é meu amigo especial!',1,NULL),(29,16,'<b>Adicionei Jesus<br>na minha vida<br>Adicionei Jesus<br>no meu coração</b>','Adicionei Jesus na minha vida<br>Adicionei Jesus no meu coração',1,NULL),(29,17,'<b>Agora<br>estou legal<br>Ele é meu amigo especial!</b>','Agora estou legal Ele é meu amigo especial!',1,NULL),(29,18,'<b>Adicionei Jesus<br>na minha vida<br>Adicionei Jesus<br>no meu coração</b>','Adicionei Jesus na minha vida<br>Adicionei Jesus no meu coração',1,NULL),(29,19,'<b>Agora<br>estou legal<br>Ele é meu amigo especial!</b>','Agora estou legal Ele é meu amigo especial!',1,NULL),(29,20,'<b>A tristeza...<br>Ele deletou!&nbsp;<br></b><b>A alegria...<br>Ele adicionou!</b>','A tristeza... Ele deletou!<br>A alegria... Ele adicionou!',1,NULL),(29,21,'<b>E o mal... Ele apagou!</b>','E o mal... Ele apagou!',1,NULL),(29,22,'<b>A tristeza...<br>Ele deletou!&nbsp;<br></b><b>A alegria...<br>Ele adicionou!</b>','A tristeza... Ele deletou!<br>A alegria... Ele adicionou!',1,NULL),(29,23,'<b>E o mal... Ele apagou!</b>','E o mal... Ele apagou!',1,NULL),(30,1,'<b>Quero dar o melhor de mim!</b>','Quero dar o melhor de mim!',1,NULL),(30,2,'<b>Quero oferecer sacrifício de louvor!</b>','Quero oferecer sacrifício de louvor!',1,NULL),(30,3,'<b>Quero ser bem mais do que já sou,</b>','Quero ser bem mais do que já sou,',1,NULL),(30,4,'<b>Um adorador por excelência me tornar!</b>','Um adorador por excelência me tornar!',1,NULL),(30,5,'<b>Eu não vou<br>me importar<br>Com o que<br>vai acontecer</b>','Eu não vou me importar<br>Com o que vai acontecer',1,NULL),(30,6,'<b>Eu só quero<br>Te exaltar!<br>Tu És a razão<br>do meu viver!</b>','Eu só quero Te exaltar!<br>Tu És a razão do meu viver!',1,NULL),(30,7,'<b>Eu não posso me calar!<br>Tenho adoração em meu DNA!</b>','Eu não posso me calar!<br>Tenho adoração em meu DNA!',1,NULL),(30,8,'<b>Um adorador<br>por excelência...<br>Um adorador<br>por excelência...</b>','Um adorador por excelência...<br>Um adorador por excelência...',1,NULL),(30,9,'<b>Um adorador por excelência... Quero ser!</b>','Um adorador por excelência... Quero ser!',1,NULL),(30,10,'<b>Quero dar o melhor de mim!</b>','Quero dar o melhor de mim!',1,NULL),(30,11,'<b>Quero oferecer sacrifício de louvor!</b>','Quero oferecer sacrifício de louvor!',1,NULL),(30,12,'<b>Quero ser bem mais do que já sou,</b>','Quero ser bem mais do que já sou,',1,NULL),(30,13,'<b>Um adorador por excelência me tornar!</b>','Um adorador por excelência me tornar!',1,NULL),(30,14,'<b>Eu não vou<br>me importar<br>Com o que<br>vai acontecer</b>','Eu não vou me importar<br>Com o que vai acontecer',1,NULL),(30,15,'<b>Eu só quero<br>Te exaltar!<br>Tu És a razão<br>do meu viver!</b>','Eu só quero Te exaltar!<br>Tu És a razão do meu viver!',1,NULL),(30,16,'<b>Eu não posso me calar!<br>Tenho adoração em meu DNA!</b>','Eu não posso me calar!<br>Tenho adoração em meu DNA!',1,NULL),(30,17,'<b>Um adorador<br>por excelência...<br>Um adorador<br>por excelência...</b>','Um adorador por excelência...<br>Um adorador por excelência...',1,NULL),(30,18,'<b>Um adorador por excelência... Quero ser!</b>','Um adorador por excelência... Quero ser!',1,NULL),(30,19,'<b>Um adorador<br>por excelência...<br>Um adorador<br>por excelência...</b>','Um adorador por excelência...<br>Um adorador por excelência...',1,NULL),(30,20,'<b>Um adorador por excelência... Quero ser!</b>','Um adorador por excelência... Quero ser!',1,NULL),(31,1,'<mark class=\"cdx-marker\">Solo<b>:</b></mark><b></b>Como Davi eu abro mão das vestes reais...','Como Davi eu abro mão das vestes reais...',1,'solo'),(31,2,'E sem coroa aos Seus pés vou me prostrar!','E sem coroa aos Seus pés vou me prostrar!',1,NULL),(31,3,'Se precisar até<br>a cinza eu vou<br>descer e me<br>humilhar!','Se precisar até a cinza eu<br>vou descer e me humilhar!',1,NULL),(31,4,'Vou me prostrar diante do altar<br>e Te adorar!','Vou me prostrar diante<br>do altar e Te adorar!',1,NULL),(31,5,'<mark class=\"cdx-marker\">Todas:</mark><b>Vou adorar!<br>Vou exaltar!<br>Mesmo na prova eu vou louvar!</b>','Vou adorar! Vou exaltar!<br>Mesmo na prova eu vou louvar!',1,'todas'),(31,6,'<b>Vou adorar!<br>Vou exaltar!<br>Mesmo na luta eu vou cantar!</b>','Vou adorar! Vou exaltar!<br>Mesmo na luta eu vou cantar!',1,NULL),(31,7,'<b>Pois não há Deus como Tu, Jeová!</b>','Pois não há Deus como Tu, Jeová!',1,NULL),(31,8,'<mark class=\"cdx-marker\">Todas:<br></mark><b>Como Davi eu abro mão das vestes reais...</b>','Como Davi eu abro mão das vestes reais...',1,NULL),(31,9,'<b>E sem coroa aos Seus pés vou me prostrar!</b>','E sem coroa aos Seus pés vou me prostrar!',1,NULL),(31,10,'<b>Se precisar até<br>a cinza eu vou<br>descer e me<br>humilhar!</b>','Se precisar até a cinza eu<br>vou descer e me humilhar!',1,NULL),(31,11,'<b>Vou me prostrar diante do altar<br>e Te adorar!</b>','Vou me prostrar diante do altar e Te adorar!',1,NULL),(31,12,'<b>Vou adorar!<br>Vou exaltar!<br>Mesmo na prova eu vou louvar!</b>','Vou adorar! Vou exaltar!<br>Mesmo na prova eu vou louvar!',1,NULL),(31,13,'<b>Vou adorar!<br>Vou exaltar!<br>Mesmo na luta eu vou cantar!</b>','Vou adorar! Vou exaltar!<br>Mesmo na luta eu vou cantar!',1,NULL),(31,14,'<b>Pois não há Deus como Tu, Jeová!</b>','Pois não há Deus como Tu, Jeová!',1,NULL),(31,15,'<b>Não importa<br>a situação<br>Ao Teu nome<br>eu vou adorar!</b>','Não importa a situação ao<br>Teu nome eu vou adorar!',1,NULL),(31,16,'<b>Por maior que seja a tribulação simplesmente<br>eu vou adorar!</b>','Por maior que seja a tribulação<br>simplesmente eu vou adorar!',1,NULL),(31,17,'<b>Se o vale quiser me prender<br>Se a muralha na frente estiver</b>','Se o vale quiser me prender<br>Se a muralha na frente estiver',1,NULL),(31,18,'<b>Vou Te adorar simplesmente por quem Tu És!</b>','Vou Te adorar simplesmente<br>por quem Tu És!',1,NULL),(31,19,'<b>Vou adorar!<br>Vou exaltar!<br>Mesmo na prova eu vou louvar!</b>','Vou adorar! Vou exaltar!<br>Mesmo na prova eu vou louvar!',1,NULL),(31,20,'<b>Vou adorar!<br>Vou exaltar!<br>Mesmo na luta eu vou cantar!</b>','Vou adorar! Vou exaltar!<br>Mesmo na luta eu vou cantar!',1,NULL),(31,21,'<b>Pois não há Deus como Tu, Jeová!</b>','Pois não há Deus como Tu, Jeová!',1,NULL),(31,22,'<b>Adorado!<br>Exaltado!<br>Magnificado seja o Teu nome!</b>','Adorado! Exaltado!<br>Magnificado seja o Teu nome!',1,NULL),(31,23,'<b>Adonai,<br>El Shaddai,<br>Eloí, Yeshua !</b>','Adonai, El Shaddai, Eloí, Yeshua!',1,NULL),(31,24,'<b>Maravilhoso!<br>Conselheiro!<br>Pai da eternidade<br>Príncipe da paz!</b>','Maravilhoso! Conselheiro!<br>Pai da eternidade Príncipe da paz!',1,NULL),(31,25,'<b>És o Deus forte, Tu és Senhor!</b>','És o Deus forte, Tu és Senhor!',1,NULL),(31,26,'<b>Vou adorar!<br>Vou exaltar!<br>Mesmo na prova eu vou louvar!</b>','Vou adorar! Vou exaltar!<br>Mesmo na prova eu vou louvar!',1,NULL),(31,27,'<b>Vou adorar!<br>Vou exaltar!<br>Mesmo na luta eu vou cantar!</b>','Vou adorar! Vou exaltar!<br>Mesmo na luta eu vou cantar!',1,NULL),(31,28,'<b>Pois não há Deus como Tu, Jeová!</b>','Pois não há Deus como Tu, Jeová!',1,NULL),(32,1,'<b>Eu não preciso ficar de bobeira, eu adoro a Deus!</b>','Eu não preciso ficar de bobeira,<br>eu adoro a Deus!',1,NULL),(32,2,'<b>Adoro a Jesus da minha maneira, eu adoro a Deus!</b>','Adoro a Jesus da minha maneira,<br>eu adoro a Deus!',1,NULL),(32,3,'<b>Quando pensam que estou caído e fraquinho, estou adorando a Deus</b>','Quando pensam que estou caído e<br>fraquinho, estou adorando a Deus',1,NULL),(32,4,'<b>Quanto mais pedras me atiram, eu adoro a Deus!</b>','Quanto mais pedras me atiram,<br>eu adoro a Deus!',1,NULL),(32,5,'<b>Adora, Adora,<br>Adora a Deus!<br>Tu adoras, adoras,<br>adoras a Deus!</b>','Adora, Adora, Adora a Deus! <br>Tu adoras, adoras, adoras a Deus!',1,NULL),(32,6,'<b>Vou adorando, adorando,<br>adorando a Deus!<br>Adora, Adora,<br>Adora a Deus!</b>','Vou adorando, adorando, adorando a Deus!<br>Adora, Adora, Adora a Deus!',1,NULL),(32,7,'<b>Quando eu<br>me levanto<br>e proponho<br>para O adorar</b>','Quando eu me levanto e<br>proponho para O adorar',1,NULL),(32,8,'<b>As cadeias se abrem<br>e as correntes se<br>quebram em<br>meu caminhar</b>','As cadeias se abrem e as correntes<br>se quebram em meu caminhar',1,NULL),(32,9,'<b>O verdadeiro adorador é como o rei Davi,</b>','O verdadeiro adorador é como o rei Davi,',1,NULL),(32,10,'<b>É saltando,<br>correndo,<br>dançando e<br>cantando assim!</b>','É saltando, correndo, dançando<br>e cantando assim!',1,NULL),(32,11,'<b>Adora, Adora,<br>Adora a Deus!<br>Tu adoras, adoras,<br>adoras a Deus!</b>','Adora, Adora, Adora a Deus! <br>Tu adoras, adoras, adoras a Deus!',1,NULL),(32,12,'<b>Vou adorando, adorando,<br>adorando a Deus!<br>Adora, Adora,<br>Adora a Deus!</b>','Vou adorando, adorando, adorando a Deus!<br>Adora, Adora, Adora a Deus!',1,NULL),(32,13,'<b>Os irmãos de toda igreja já chegaram aqui,</b>','Os irmãos de toda igreja já chegaram aqui,',1,NULL),(32,14,'<b>Estou vendo que a glória de Deus começou a fluir</b>','Estou vendo que a glória<br>de Deus começou a fluir',1,NULL),(32,15,'<b>A glória de Deus tomou conta de todo esse lugar</b>','A glória de Deus tomou<br>conta de todo esse lugar',1,NULL),(32,16,'<b>E vem com a UMADECAP hoje adorar!</b>','E vem com a UMADECAP hoje adorar!',1,NULL),(32,17,'<b>Adora, Adora,<br>Adora a Deus!<br>Tu adoras, adoras,<br>adoras a Deus!</b>','Adora, Adora, Adora a Deus! <br>Tu adoras, adoras, adoras a Deus!',1,NULL),(32,18,'<b>Vou adorando, adorando,<br>adorando a Deus!<br>Adora, Adora,<br>Adora a Deus!</b>','Vou adorando, adorando, adorando a Deus!<br>Adora, Adora, Adora a Deus!',1,NULL),(32,19,'<b>Eu não preciso ficar de bobeira, eu adoro a Deus!</b>','Eu não preciso ficar de bobeira,<br>eu adoro a Deus!',1,NULL),(32,20,'<b>Adoro a Jesus da minha maneira, eu adoro a Deus!</b>','Adoro a Jesus da minha maneira,<br>eu adoro a Deus!',1,NULL),(32,21,'<b>Quando pensam que estou caído e fraquinho, estou adorando a Deus</b>','Quando pensam que estou caído e<br>fraquinho, estou adorando a Deus',1,NULL),(32,22,'<b>Quanto mais pedras me atiram, eu adoro a Deus!</b>','Quanto mais pedras me atiram,<br>eu adoro a Deus!',1,NULL),(32,23,'<b>Adora, Adora,<br>Adora a Deus!<br>Tu adoras, adoras,<br>adoras a Deus!</b>','Adora, Adora, Adora a Deus! <br>Tu adoras, adoras, adoras a Deus!',1,NULL),(32,24,'<b>Vou adorando, adorando,<br>adorando a Deus!<br>Adora, Adora,<br>Adora a Deus!</b>','Vou adorando, adorando, adorando a Deus!<br>Adora, Adora, Adora a Deus!',1,NULL),(32,25,'<b>Quando eu<br>me levanto<br>e proponho<br>para O adorar</b>','Quando eu me levanto e<br>proponho para O adorar',1,NULL),(32,26,'<b>As cadeias se abrem<br>e as correntes se<br>quebram em<br>meu caminhar</b>','As cadeias se abrem e as correntes<br>se quebram em meu caminhar',1,NULL),(32,27,'<b>O verdadeiro adorador é como o rei Davi,</b>','O verdadeiro adorador é como o rei Davi,',1,NULL),(32,28,'<b>É saltando,<br>correndo,<br>dançando e<br>cantando assim!</b>','É saltando, correndo, dançando<br>e cantando assim!',1,NULL),(32,29,'<b>Adora, Adora,<br>Adora a Deus!<br>Tu adoras, adoras,<br>adoras a Deus!</b>','Adora, Adora, Adora a Deus! <br>Tu adoras, adoras, adoras a Deus!',1,NULL),(32,30,'<b>Vou adorando, adorando,<br>adorando a Deus!<br>Adora, Adora,<br>Adora a Deus!</b>','Vou adorando, adorando, adorando a Deus!<br>Adora, Adora, Adora a Deus!',1,NULL),(32,31,'<b>Os irmãos de toda igreja já chegaram aqui,</b>','Os irmãos de toda igreja já chegaram aqui,',1,NULL),(32,32,'<b>Estou vendo que a glória de Deus começou a fluir</b>','Estou vendo que a glória<br>de Deus começou a fluir',1,NULL),(32,33,'<b>A glória de Deus tomou conta de todo esse lugar</b>','A glória de Deus tomou<br>conta de todo esse lugar',1,NULL),(32,34,'<b>E vem com a UMADECAP hoje adorar!</b>','E vem com a UMADECAP hoje adorar!',1,NULL),(32,35,'<b>Adora, Adora,<br>Adora a Deus!<br>Tu adoras, adoras,<br>adoras a Deus!</b>','Adora, Adora, Adora a Deus! <br>Tu adoras, adoras, adoras a Deus!',1,NULL),(32,36,'<b>Vou adorando, adorando,<br>adorando a Deus!<br>Adora, Adora,<br>Adora a Deus!</b>','Vou adorando, adorando, adorando a Deus!<br>Adora, Adora, Adora a Deus!',1,NULL),(32,37,'<b>Marchando,<br>Marchando,<br>Marchando assim</b>','Marchando, Marchando, Marchando assim',1,NULL),(32,38,'<b>Adorando,<br>Adorando,<br>Adorando assim...</b>','Adorando, Adorando, Adorando assim...',1,NULL),(33,1,'<mark class=\"cdx-marker\">Solo:</mark>Por Tua morte lá na cruz, Jesus Te adorarei!','Por Tua morte lá na cruz,<br>Jesus Te adorarei!',1,NULL),(33,2,'Pelo sangue derramado,','Pelo sangue derramado,',1,NULL),(33,3,'Pelo véu que foi rasgado, Te adorarei!','Pelo véu que foi rasgado, Te adorarei!',1,NULL),(33,4,'Pelo privilégio de aqui estar','Pelo privilégio de aqui estar',1,NULL),(33,5,'Poder soltar a minha voz e Te louvar!','Poder soltar a minha voz e Te louvar!',1,NULL),(33,6,'Por sentir<br>a Sua presença,','Por sentir a Sua presença,',1,NULL),(33,7,'Pela total certeza da Tua existência, Te adorarei!','Pela total certeza da Tua existência,<br>Te adorarei!',1,NULL),(33,8,'Por Teu Santo Espírito que habita em mim,','Por Teu Santo Espírito que habita em mim,',1,NULL),(33,9,'Por Teu grande amor que não tem fim, Te adorarei!','Por Teu grande amor que não tem fim,<br>Te adorarei!',1,NULL),(33,10,'Por me inspirar na letra da canção','Por me inspirar na letra da canção',1,NULL),(33,11,'Por cantar<br>agora e sentir<br>Sua unção,<br>Te adorarei!','Por cantar agora e sentir Sua unção,<br>Te adorarei!',1,NULL),(33,12,'<mark class=\"cdx-marker\">Todas:<br></mark><b>Te adorarei, Senhor mais uma vez Te adorarei!</b>','Te adorarei, Senhor mais<br>uma vez Te adorarei!',1,NULL),(33,13,'<b>Fui chamado pra adorar, então adorarei!</b>','Fui chamado pra adorar, então adorarei!',1,NULL),(33,14,'<b>Sou adorador, foi assim que Deus me fez, então adorarei!</b>','Sou adorador, foi assim que<br>Deus me fez, então adorarei!',1,NULL),(33,15,'<b>Adorarei, Senhor mais uma vez<br>Te adorarei!</b>','Adorarei, Senhor mais uma vez Te adorarei!',1,NULL),(33,16,'<b>Fui chamado pra adorar, então adorarei!</b>','Fui chamado pra adorar, então adorarei!',1,NULL),(33,17,'<b>Sou adorador, foi assim que Deus me fez, então adorarei!</b>','Sou adorador, foi assim que<br>Deus me fez, então adorarei!',1,NULL),(33,18,'<b>Ninguém vai me calar, Te adorarei! Está em meu DNA, Te adorarei!</b>','Ninguém vai me calar, Te adorarei!<br>Está em meu DNA, Te adorarei!',1,NULL),(33,19,'<b>Ainda que tirarem minha vida quando chegar aí no Céu Te adorarei!</b>','Ainda que tirarem minha vida quando<br>chegar aí no Céu Te adorarei!',1,NULL),(33,20,'<b>Ninguém vai me calar, Te adorarei! Está em meu DNA, Te adorarei!</b>','Ninguém vai me calar, Te adorarei! Está em meu DNA, Te adorarei!',1,NULL),(33,21,'<b>Ainda que tirarem minha vida quando chegar aí no Céu Te adorarei!</b>','Ainda que tirarem minha vida quando<br>chegar aí no Céu Te adorarei!',1,NULL),(33,22,'<b>Te adorarei, Te adorarei!</b>','Te adorarei, Te adorarei!',1,NULL),(33,23,'<b>Quando chegar aí no Céu Te adorarei!</b>','Quando chegar aí no Céu Te adorarei!',1,NULL),(33,24,'<b>Te adorarei, Te adorarei!</b>','Te adorarei, Te adorarei!',1,NULL),(33,25,'<b>Quando chegar aí no Céu Te adorarei!</b>','Quando chegar aí no Céu Te adorarei!',3,NULL),(33,26,'<mark class=\"cdx-marker\">Solo:<br></mark>Por Teu Santo Espírito que habita em mim,','Por Teu Santo Espírito que habita em mim,',1,NULL),(33,27,'Por Teu grande amor que não tem fim, Te adorarei!','Por Teu grande amor que não tem fim,<br>Te adorarei!',1,NULL),(33,28,'Por me inspirar na letra da canção','Por me inspirar na letra da canção',1,NULL),(33,29,'Por cantar<br>agora e sentir<br>Sua unção,<br>Te adorarei!','Por cantar agora e sentir Sua unção,<br>Te adorarei!',1,NULL),(33,30,'<mark class=\"cdx-marker\">Todas:<br></mark><b>Te adorarei, Senhor mais uma vez Te adorarei!</b>','Te adorarei, Senhor mais uma vez<br>Te adorarei!',1,NULL),(33,31,'<b>Fui chamado pra adorar, então adorarei!</b>','Fui chamado pra adorar, então adorarei!',1,NULL),(33,32,'<b>Sou adorador, foi assim que Deus me fez, então adorarei!</b>','Sou adorador, foi assim que<br>Deus me fez, então adorarei!',1,NULL),(33,33,'<b>Adorarei, Senhor mais uma vez<br>Te adorarei!</b>','Adorarei, Senhor mais uma vez Te adorarei!',1,NULL),(33,34,'<b>Fui chamado pra adorar, então adorarei!</b>','Fui chamado pra adorar, então adorarei!',1,NULL),(33,35,'<b>Sou adorador, foi assim que Deus me fez, então adorarei!</b>','Sou adorador, foi assim que<br>Deus me fez, então adorarei!',1,NULL),(33,36,'<b>Ninguém vai me calar, Te adorarei! Está em meu DNA, Te adorarei!</b>','Ninguém vai me calar, Te adorarei!<br>Está em meu DNA, Te adorarei!',1,NULL),(33,37,'<b>Ainda que tirarem minha vida quando chegar aí no Céu Te adorarei!</b>','Ainda que tirarem minha vida quando<br>chegar aí no Céu Te adorarei!',1,NULL),(33,38,'<b>Ninguém vai me calar, Te adorarei! Está em meu DNA, Te adorarei!</b>','Ninguém vai me calar, Te adorarei!<br>Está em meu DNA, Te adorarei!',1,NULL),(33,39,'<b>Ainda que tirarem minha vida quando chegar aí no Céu Te adorarei!</b>','Ainda que tirarem minha vida quando<br>chegar aí no Céu Te adorarei!',1,NULL),(33,40,'<b>Te adorarei, Te adorarei!</b>','Te adorarei, Te adorarei!',1,NULL),(33,41,'<b>Quando chegar aí no Céu Te adorarei!</b>','Quando chegar aí no Céu Te adorarei!',1,NULL),(33,42,'<b>Te adorarei, Te adorarei!</b>','Te adorarei, Te adorarei!',1,NULL),(33,43,'<b>Quando chegar aí no Céu Te adorarei!</b>','Quando chegar aí no Céu Te adorarei!',1,NULL),(33,44,'<b>Te adorarei, Te adorarei!</b>','Te adorarei, Te adorarei!',1,NULL),(33,45,'<b>Quando chegar aí no Céu Te adorarei!</b>','Quando chegar aí no Céu Te adorarei!',1,NULL),(33,46,'<b>Te adorarei, Te adorarei!</b>','Te adorarei, Te adorarei!',1,NULL),(33,47,'<b>Quando chegar aí no Céu Te adorarei!</b>','Quando chegar aí no Céu Te adorarei!',1,NULL),(33,48,'<b>Te adorarei, Te adorarei!</b>','Te adorarei, Te adorarei!',1,NULL),(33,49,'<b>Quando chegar aí no Céu Te adorarei!</b>','Quando chegar aí no Céu Te adorarei!',1,NULL),(33,50,'<b>Te adorarei, Te adorarei!</b>','Te adorarei, Te adorarei!',1,NULL),(33,51,'<b>Quando chegar aí no Céu Te adorarei!</b>','Quando chegar aí no Céu Te adorarei!',1,NULL),(34,1,'<b>Adorarei! Adorarei!</b>','Adorarei! Adorarei!',1,NULL),(34,2,'<b>Pois o véu está<br>rasgado e eu<br>posso entrar!<br>Adorarei...</b>','Pois o véu está rasgado e<br>eu posso entrar! Adorarei...',1,NULL),(34,3,'<b>Adorarei! Adorarei!</b>','Adorarei! Adorarei!',1,NULL),(34,4,'<b>Não me interrompa! Quero adorar...</b>','Não me interrompa! Quero adorar...',1,'A orquestra vai solar, pode ir pra frente que está certo!'),(34,5,'<b>Eu li que o véu do templo se rasgou</b>','Eu li que o véu do templo se rasgou',1,NULL),(34,6,'<b>Eu li que agora eu posso adorar!</b>','Eu li que agora eu posso adorar!',1,NULL),(34,7,'<b>Com o sangue que Jesus por mim derramou</b>','Com o sangue que Jesus por mim derramou',1,NULL),(34,8,'<b>Me deu livre acesso pra entrar!</b>','Me deu livre acesso pra entrar!',1,NULL),(34,9,'<b>Ninguém agora vai sentir por mim</b>','Ninguém agora vai sentir por mim',1,NULL),(34,10,'<b>A tão real presença do Senhor!</b>','A tão real presença do Senhor!',1,NULL),(34,11,'<b>Sou sacerdócio real!<br>Sou povo adquirido!</b>','Sou sacerdócio real!<br>Sou povo adquirido!',1,NULL),(34,12,'<b>Sou mais um<br>escolhido pra<br>ser chamado<br>de adorador!</b>','Sou mais um escolhido pra<br>ser chamado de adorador!',1,NULL),(34,13,'<b>Adorarei! Adorarei!</b>','Adorarei! Adorarei!',1,NULL),(34,14,'<b>Pois o véu está<br>rasgado e eu<br>posso entrar!<br>Adorarei...</b>','Pois o véu está rasgado e<br>eu posso entrar! Adorarei...',1,NULL),(34,15,'<b>Adorarei! Adorarei!</b>','Adorarei! Adorarei!',1,NULL),(34,16,'<b>Não me interrompa! Quero adorar...</b>','Não me interrompa! Quero adorar...',1,'A orquestra vai solar, pode ir pra frente que está certo!'),(34,17,'<b>Mesmo chorando... Quero adorar!</b>','Mesmo chorando... Quero adorar!',1,NULL),(34,18,'<b>Faltando tudo... Quero adorar!</b>','Faltando tudo... Quero adorar!',1,NULL),(34,19,'<b>Mesmo sofrendo... Quero adorar!</b>','Mesmo sofrendo... Quero adorar!',1,NULL),(34,20,'<b>Se tu não gosta de barulho sai de perto de mim, quero adorar!</b>','Se tu não gosta de barulho sai<br>de perto de mim, quero adorar!',1,NULL),(34,21,'<b>Se tu não gosta de dar glória sai de perto de mim, deixa eu adorar!</b>','Se tu não gosta de dar glória sai<br>de perto de mim, deixa eu adorar!',1,NULL),(34,22,'<b>Deixa eu levantar as minhas mãos...</b>','Deixa eu levantar as minhas mãos...',1,NULL),(34,23,'<b>Adorarei! Adorarei!</b>','Adorarei! Adorarei!',1,NULL),(34,24,'<b>Pois o véu está rasgado e eu posso entrar! Adorarei...</b>','Pois o véu está rasgado e<br>eu posso entrar! Adorarei...',1,NULL),(34,25,'<b>Adorarei! Adorarei!</b>','Adorarei! Adorarei!',1,NULL),(34,26,'<b>Não me interrompa! Quero adorar...</b>','Não me interrompa! Quero adorar...',1,NULL),(35,1,'<mark class=\"cdx-marker\">Meninas:</mark><br>Aaleluia... Aaleluuia...<br>Santo és tu ó Cordeiro de Deus!','Aleluia... Aleluia...&nbsp;Santo&nbsp;és tu<br>ó Cordeiro de Deus!',1,NULL),(35,2,'Aaleluia, Aaleluuia!<br>Santo és tu ó<br>Cordeiro de Deus!<br>Aaleluuia!','Aleluia, Aleluia! Santo és tu<br>ó Cordeiro de Deus! Aleluia!',1,NULL),(35,3,'<mark class=\"cdx-marker\">Todos:<br></mark><b><u class=\"cdx-underline\">Santo! Santo<br>É o Cordeiro<br>do vivo Deus!</u></b>','Santo! Santo é o Cordeiro do vivo Deus!',1,NULL),(35,4,'<b><u class=\"cdx-underline\">Digno Tu és,<br>digno Tu és&nbsp;de<br>todo louvor!</u></b>','Digno Tu és, digno Tu és de todo louvor!',1,NULL),(35,5,'<b><u class=\"cdx-underline\">Santo é o Cordeiro do vivo Deus!</u></b>','Santo é o Cordeiro do vivo Deus!',1,NULL),(35,6,'<b><u class=\"cdx-underline\"></u></b><b><u class=\"cdx-underline\">Digno Tu és,<br>digno Tu és!<br>Amém!</u></b>','Digno Tu és, digno Tu és! Amém!',1,NULL),(35,7,'<mark class=\"cdx-marker\">Meninas:</mark> <br>Aaleluia, Aaleluuia! Santo és tu ó<br>Cordeiro de Deus!<br>Aaleluia, Aaleluuia...!','Aleluia, Aleluia! Santo és tu&nbsp;ó Cordeiro<br>de Deus! Aleluia, Aleluia...!',1,NULL),(35,8,'<b><u class=\"cdx-underline\">Santo! Santo é o Cordeiro do vivo Deus!</u></b>','Santo! Santo é o Cordeiro do vivo Deus!',1,NULL),(35,9,'<b><u class=\"cdx-underline\">Digno Tu és,<br>digno Tu és&nbsp;de<br>todo louvor!</u></b>','Digno Tu és, digno Tu és de todo louvor!',1,NULL),(35,10,'<b><u class=\"cdx-underline\">Santo é o Cordeiro do vivo Deus!</u></b>','Santo é o Cordeiro do vivo Deus!',1,NULL),(35,11,'<b><u class=\"cdx-underline\"></u></b><b><u class=\"cdx-underline\">Digno Tu és,<br>digno Tu és!<br>Amém!</u></b>','Digno Tu és, digno Tu és! Amém!',1,NULL),(36,1,'<b>Aguardo o dia que verei<br>No céu a luz mais forte que o Sol</b>','Aguardo o dia que verei<br>No céu a luz mais forte que o Sol',1,NULL),(36,2,'<b>O céu se abrir e ver descer Jesus Em majestade força e poder</b>','O céu se abrir e ver descer Jesus<br>Em majestade força e poder',1,NULL),(36,3,'<b>Tristeza e choro não existirão Sofrer e morte&nbsp;lá não entrarão</b>','Tristeza e choro não existirão<br>Sofrer e morte lá não entrarão',1,NULL),(36,4,'<b>Na eternidade com meu Salvador pra<br>sempre adorarei ao meu Senhor!</b>','Na eternidade com meu Salvador&nbsp;pra<br>sempre adorarei ao meu Senhor!',1,NULL),(36,5,'<b>Virá o rei Jesus! Meu coração deseja vê-lo!</b>','Virá o rei Jesus! Meu coração deseja vê-lo!',1,NULL),(36,6,'<b>Em Sua presença pra sempre estar!</b>','Em Sua presença pra sempre estar!',1,NULL),(36,7,'<b>Aguardo o dia em que Ele vem nos buscar!</b>','Aguardo o dia em que Ele vem nos buscar!',1,NULL),(36,8,'<b>E junto aos santos me unirei Louvor eterno<br>ali entoarei</b>','E junto aos santos me unirei<br>Louvor eterno ali entoarei',1,NULL),(36,9,'<b>Tua luz a tudo iluminará, pra sempre ó Deus então governarás!</b>','Tua luz a tudo iluminará, pra sempre<br>ó Deus então governarás!',1,NULL),(36,10,'<b><u class=\"cdx-underline\">Virá o rei Jesus! Meu coração deseja vê-lo!</u></b>','Virá o rei Jesus! Meu coração deseja vê-lo!',1,NULL),(36,11,'<b><u class=\"cdx-underline\">Em Sua presença<br>pra sempre estar!<br>Aguardo o dia<br>que Ele vem...!</u></b>','Em Sua presença pra sempre estar!<br>Aguardo o dia que Ele vem...!',1,NULL),(36,12,'<b><u class=\"cdx-underline\">Virá o rei Jesus! Meu coração deseja vê-lo!</u></b>','Virá o rei Jesus! Meu coração deseja vê-lo!',1,NULL),(36,13,'<b><u class=\"cdx-underline\">Em Sua presença pra sempre estar!</u></b>','Em Sua presença pra sempre estar!',1,NULL),(36,14,'<b><u class=\"cdx-underline\">Aguardo o dia em que Ele vem<br></u>nos buscar!</b>','Aguardo o dia em que Ele vem nos buscar!',1,NULL),(36,15,'<b>Sua vinda<br>aguardo eu<br>cantando;<br>Meu lar no céu;</b>','Sua vinda aguardo eu cantando;<br>Meu lar no céu;',1,NULL),(36,16,'<b>Seus passos hei de ouvir soando<br>Além do<br>escuro véu.</b>','Seus passos hei de ouvir soando<br>Além do escuro véu.',1,NULL),(36,17,'<b><u class=\"cdx-underline\">Passarinhos,<br>belas flores,<br>Querem<br>m’encantar;</u></b>','Passarinhos, belas flores,<br>Querem m’encantar;',1,NULL),(36,18,'<b><u class=\"cdx-underline\">São vãos terrestres esplendores<br>Mas contemplo<br>o meu lar!</u></b>','São vãos terrestres esplendores<br>Mas contemplo o meu lar!',1,NULL),(36,19,'<b><u class=\"cdx-underline\">Virá o rei Jesus! Meu coração deseja vê-lo!</u></b>','Virá o rei Jesus! Meu coração deseja vê-lo!',1,NULL),(36,20,'<b><u class=\"cdx-underline\">Em Sua presença<br>pra sempre estar!<br>Aguardo o dia<br>que Ele vem...!</u></b>','Em Sua presença pra sempre estar!<br>Aguardo o dia que Ele vem...!',1,NULL),(36,21,'<b><u class=\"cdx-underline\">Virá o rei Jesus! Meu coração deseja vê-lo!</u></b>','Virá o rei Jesus! Meu coração deseja vê-lo!',1,NULL),(36,22,'<b><u class=\"cdx-underline\">Em Sua presença pra sempre estar!</u></b>','Em Sua presença pra sempre estar!',1,NULL),(36,23,'<b><u class=\"cdx-underline\">Aguardo o dia em que Ele vem<br></u>nos buscar!</b>','Aguardo o dia em que Ele vem nos buscar!',1,NULL),(37,1,'<b>Existe um rio<br>Senhor, que<br>flui do Teu<br>grande amor</b>','Existe um rio Senhor, que<br>flui do Teu grande amor',1,NULL),(37,2,'<b>Águas que<br>correm do trono,<br>Águas que curam,<br>que limpam</b>','Águas que correm do trono,<br>Águas que curam, que limpam',1,NULL),(37,3,'<b>Por onde o rio passar tudo vai transformar!</b>','Por onde o rio passar tudo vai transformar!',1,NULL),(37,4,'<b>Pois leva a vida do próprio Deus<br>E este rio está neste lugar!</b>','Pois leva a vida do próprio Deus<br>E este rio está neste lugar!',1,NULL),(37,5,'<b>Quero beber do<br>Teu rio, Senhor!<br>Sacia a minha sede!<br>Lava o meu interior</b>','Quero beber do Teu rio, Senhor!<br>Sacia a minha sede! Lava o meu interior',1,NULL),(37,6,'<b>Eu quero fluir<br>em Tuas águas,<br>Eu quero beber<br>da Tua fonte!</b>','Eu quero fluir em Tuas águas,<br>Eu quero beber da Tua fonte!',1,NULL),(37,7,'<b>Fonte de águas vivas... Tu és a fonte, Senhor!</b>','Fonte de águas vivas...<br>Tu és a fonte, Senhor!',1,NULL),(37,8,'<b>Existe um rio<br>Senhor, que<br>flui do Teu<br>grande amor</b>','Existe um rio Senhor, que<br>flui do Teu grande amor',1,NULL),(37,9,'<b>Águas que<br>correm do trono,<br>Águas que curam,<br>que limpam</b>','Águas que correm do trono,<br>Águas que curam, que limpam',1,NULL),(37,10,'<b>Por onde o rio passar tudo vai transformar!</b>','Por onde o rio passar tudo vai transformar!',1,NULL),(37,11,'<b>Pois leva a vida do próprio Deus<br>E este rio está neste lugar!</b>','Pois leva a vida do próprio Deus<br>E este rio está neste lugar!',1,NULL),(37,12,'<b>Quero beber do<br>Teu rio, Senhor!<br>Sacia a minha sede!<br>Lava o meu interior</b>','Quero beber do Teu rio, Senhor!<br>Sacia a minha sede! Lava o meu interior',1,NULL),(37,13,'<b>Eu quero fluir<br>em Tuas águas,<br>Eu quero beber<br>da Tua fonte!</b>','Eu quero fluir em Tuas águas,<br>Eu quero beber da Tua fonte!',1,NULL),(37,14,'<b>Fonte de águas vivas... Tu és a fonte, Senhor!</b>','Fonte de águas vivas...<br>Tu és a fonte, Senhor!',1,NULL),(37,15,'<b>Tu és a fonte, Senhor! Tu és o rio, Senhor!</b>','Tu és a fonte, Senhor! Tu és o rio, Senhor!',1,NULL),(38,1,'<b>Aguenta firme, não desista!<br>Continue a lutar<br></b>','Aguenta firme, não desista! Continue a lutar',1,NULL),(38,2,'<b>As crises e as dores acontecem,&nbsp;mas<br>chega uma hora Aonde elas<br>têm seu fim.</b>','As crises e as dores acontecem, mas chega uma hora aonde elas têm seu fim.',1,NULL),(38,3,'<b>Se você não desistir, É pra minha inspiração,&nbsp;Pra também permanecer, Fiel e firme!</b>','Se você não desistir, É pra minha inspiração,<br>Pra também permanecer, Fiel e firme!',1,NULL),(38,4,'<b>Eu tô contando contigo,<br>Deus tá contando com a gente.</b>','Eu tô contando contigo,<br>Deus tá contando com a gente.',1,NULL),(38,5,'<b>O céu inteiro se move, Pra ver a gente vencer.</b>','O céu inteiro se move,<br>Pra ver a gente vencer.',1,NULL),(38,6,'<b>Eu tô contando contigo,<br>Deus tá contando com a gente.</b>','Eu tô contando contigo,<br>Deus tá contando com a gente.',1,NULL),(38,7,'<b>O céu inteiro se move, Pra ver a gente vencer.</b>','O céu inteiro se move,<br>Pra ver a gente vencer.',1,NULL),(38,8,'<b>Eu só peço ao meu Senhor que entre bem na minha frente E abençoe tua vida!</b>','Eu só peço ao meu Senhor que entre bem<br>na minha frente e abençoe tua vida!',1,NULL),(38,9,'<b>E te faça tão feliz Agarrado em Sua presença, Cure as tuas feridas, E te faça vencedor!</b>','E te faça tão feliz Agarrado em Sua presença, Cure as tuas feridas, E te faça vencedor!',1,NULL),(38,10,'<b>E te dê a alegria, De ver toda tua casa, Derramada aos seus pés.</b>','E te dê a alegria, De ver toda tua casa, Derramada aos seus pés.',1,NULL),(38,11,'<b>Aguenta firme, não desista! (2x)</b>','Aguenta firme, não desista! (2x)',1,NULL),(38,12,'<b>Se você não desistir, É pra minha inspiração, Pra também permanecer, Fiel e firme!</b>','Se você não desistir, É pra minha inspiração, Pra também permanecer, Fiel e firme!',1,NULL),(38,13,'<b>Eu tô contando contigo,<br>Deus tá contando com a gente.</b>','Eu tô contando contigo,<br>Deus tá contando com a gente.',1,NULL),(38,14,'<b>O céu inteiro se move, Pra ver a gente vencer.</b>','O céu inteiro se move,<br>Pra ver a gente vencer.',1,NULL),(38,15,'<b>Eu tô contando contigo,<br>Deus tá contando com a gente.</b>','Eu tô contando contigo,<br>Deus tá contando com a gente.',1,NULL),(38,16,'<b>O céu inteiro se move, Pra ver a gente vencer.</b>','O céu inteiro se move,<br>Pra ver a gente vencer.',1,NULL),(38,17,'<b>Eu tô contando contigo,<br>Deus tá contando com a gente.</b>','Eu tô contando contigo,<br>Deus tá contando com a gente.',1,NULL),(38,18,'<b>O céu inteiro se move, Pra ver a gente vencer.</b>','O céu inteiro se move,<br>Pra ver a gente vencer.',1,NULL),(39,1,'<b>Tu és a minha porção<br>Tu és a minha herança</b>','Tu és a minha porção<br>Tu és a minha herança',1,NULL),(39,2,'<b>Tu és o meu socorro<br>Nos dias de tribulação!</b>','Tu és o meu socorro<br>Nos dias de tribulação!',1,NULL),(39,3,'<b>Mesmo que meus<br>pais me deixem,<br>mesmo que amigos<br>me traiam...</b>','Mesmo que meus pais me deixem,<br>mesmo que amigos me traiam...',1,NULL),(39,4,'<b>Eu sei que em Seus braços<br>eu encontro Salvação!</b>','Eu sei que em Seus braços<br>eu encontro Salvação!',1,NULL),(39,5,'<b>Ainda que a figueira não floresça, ainda que a videira não<br>dê o seu fruto...</b>','Ainda que a figueira não floresça, ainda<br>que a videira não dê o seu fruto...',1,NULL),(39,6,'<b>Mesmo que não<br>haja alimento nos<br>campos eu me<br>alegrarei em Ti!</b>','Mesmo que não haja alimento nos<br>campos eu me alegrarei em Ti!',1,NULL),(39,7,'<b>Ainda que a figueira não floresça, ainda que a videira não<br>dê o seu fruto...</b>','Ainda que a figueira não floresça, ainda<br>que a videira não dê o seu fruto...',1,NULL),(39,8,'<b>Mesmo que não haja alimento nos campos eu me alegrarei em Ti!</b>','Mesmo que não haja alimento nos<br>campos eu me alegrarei em Ti!',1,NULL),(39,9,'<b>Tu és a minha porção<br>Tu és a minha herança</b>','Tu és a minha porção<br>Tu és a minha herança',1,NULL),(39,10,'<b>Tu és o meu socorro<br></b><b>Nos dias de tribulação!</b>','Tu és o meu socorro<br>Nos dias de tribulação!',1,NULL),(39,11,'<b>Mesmo que meus<br>pais me deixem,<br>mesmo que amigos<br>me traiam...</b>','Mesmo que meus pais me deixem,<br>mesmo que amigos me traiam...',1,NULL),(39,12,'<b>Eu sei que em Seus braços<br>eu encontro Salvação!</b>','Eu sei que em Seus braços<br>eu encontro Salvação!',1,NULL),(39,13,'<b>Ainda que a figueira não floresça, ainda que a videira não<br>dê o seu fruto...</b>','Ainda que a figueira não floresça, ainda<br>que a videira não dê o seu fruto...',1,NULL),(39,14,'<b>Mesmo que não haja alimento nos campos eu me alegrarei em Ti!</b>','Mesmo que não haja alimento nos<br>campos eu me alegrarei em Ti!',1,NULL),(39,15,'<b>Ainda que a figueira não floresça, ainda que a videira não<br>dê o seu fruto...</b>','Ainda que a figueira não floresça, ainda<br>que a videira não dê o seu fruto...',1,NULL),(39,16,'<b>Mesmo que não haja alimento nos campos eu me alegrarei em Ti!</b>','Mesmo que não haja alimento nos<br>campos eu me alegrarei em Ti!',1,NULL),(40,1,'<b>Regozijai cantando, rendei louvor<br>Perante o Rei,<br>o Criador!</b>','Regozijai cantando, rendei louvor<br>Perante o Rei, o Criador!',1,NULL),(40,2,'<b>Ajoelhai louvando ao grande <u class=\"cdx-underline\">Deus</u><br>Honra e glória ao Rei <u class=\"cdx-underline\">dos reis!</u></b>','Ajoelhai louvando ao grande Deus<br>Honra e glória ao Rei dos reis!',1,NULL),(40,3,'<b>Aleluia ao<br>Rei da Glória!<br>Aleluia ao<br>Rei do amor!</b>','Aleluia ao Rei da Glória!<br>Aleluia ao Rei do amor!',1,NULL),(40,4,'<b>Aleluia ao<br>Deus de Israel!<br>Ele sempre reinará...</b>','Aleluia ao Deus de Israel!<br>Ele sempre reinará...',1,NULL),(40,5,'<b>Aleluia ao<br>Rei da Glória!<br>Aleluia ao<br>Rei do amor!</b>','Aleluia ao Rei da Glória!<br>Aleluia ao Rei do amor!',1,NULL),(40,6,'<b>Aleluia ao<br>Deus de Israel!<br>Ele sempre reinará...<br>Sempre reinará!</b>','Aleluia ao Deus de Israel! Ele sempre reinará...<br>Sempre reinará!',1,NULL),(40,7,'<b>Regozijai cantando, rendei louvor<br>Perante o Rei,<br>o Criador!</b>','Regozijai cantando, rendei louvor<br>Perante o Rei, o Criador!',1,NULL),(40,8,'<b>Ajoelhai louvando ao grande <u class=\"cdx-underline\">Deus</u><br>Honra e glória ao Rei <u class=\"cdx-underline\">dos reis!</u></b>','Ajoelhai louvando ao grande Deus<br>Honra e glória ao Rei dos reis!',1,NULL),(40,9,'<b>Aleluia ao<br>Rei da Glória!<br>Aleluia ao<br>Rei do amor!</b>','Aleluia ao Rei da Glória!<br>Aleluia ao Rei do amor!',1,NULL),(40,10,'<b>Aleluia ao<br>Deus de Israel!<br>Ele sempre reinará...</b>','Aleluia ao Deus de Israel!<br>Ele sempre reinará...',1,NULL),(40,11,'<b>Aleluia ao<br>Rei da Glória!<br>Aleluia ao<br>Rei do amor!</b>','Aleluia ao Rei da Glória!<br>Aleluia ao Rei do amor!',1,NULL),(40,12,'<b>Aleluia ao<br>Deus de Israel!<br>Ele sempre reinará...<br>Sempre reinará!</b>','Aleluia ao Deus de Israel! Ele sempre reinará...<br>Sempre reinará!',1,NULL),(40,13,'<b>Deus sempre reinará!<br>Deus sempre reinará!</b>','Deus sempre reinará!<br>Deus sempre reinará!',1,NULL),(40,14,'<b>Deus sempre reinará!<br>Ele sempre reinará!<br>Sempre reinará!</b>','Deus sempre reinará! Ele sempre reinará!<br>Sempre reinará!',1,NULL),(40,15,'<b>Deus sempre reinará!<br>Deus sempre reinará!</b>','Deus sempre reinará!<br>Deus sempre reinará!',1,NULL),(40,16,'<b>Deus sempre reinará!<br>Ele sempre reinará!<br>Sempre reinará!</b>','Deus sempre reinará! Ele sempre reinará!<br>Sempre reinará!',1,NULL),(40,17,'<b>Deus sempre reinará!<br>Deus sempre reinará!</b>','Deus sempre reinará!<br>Deus sempre reinará!',1,NULL),(40,18,'<b>Deus sempre reinará!<br>Ele sempre reinará!<br>Sempre reinará! (2x)</b>','Deus sempre reinará! Ele sempre reinará!<br>Sempre reinará! (2x)',1,NULL),(40,19,'<b>Aleluia ao<br>Rei da Glória!<br>Aleluia ao<br>Rei do amor!</b>','Aleluia ao Rei da Glória! <br>Aleluia ao Rei do amor!',1,NULL),(40,20,'<b>Aleluia ao<br>Deus de Israel!<br>Ele sempre reinará...</b>','Aleluia ao Deus de Israel!<br>Ele sempre reinará...',1,NULL),(40,21,'<b>Aleluia ao<br>Rei da Glória!<br>Aleluia ao<br>Rei do amor!</b>','Aleluia ao Rei da Glória!<br>Aleluia ao Rei do amor!',1,NULL),(40,22,'<b>Aleluia ao<br>Deus de Israel!<br>Ele sempre reinará...<br>Sempre reinará!</b>','Aleluia ao Deus de Israel! Ele sempre reinará...<br>Sempre reinará!',1,NULL),(41,1,'<b>Eu creio e vou dizer Deus é bom pra mim!</b>','Eu creio e vou dizer Deus é bom pra mim!',1,NULL),(41,2,'<b>E a cada provação com Ele eu vencerei</b>','E a cada provação com Ele eu vencerei',1,NULL),(41,3,'<b>O inimigo vem<br>tentando me<br>abalar e me<br>derrubar</b>','O inimigo vem tentando me<br>abalar e me derrubar',1,NULL),(41,4,'<b>Mas o meu Deus jamais falhou e jamais falhará!</b>','Mas o meu Deus jamais<br>falhou e jamais falhará!',1,NULL),(41,5,'<mark class=\"cdx-marker\">Meninas:</mark> <br><b>Não importa o que virá, estou pronto pra dizer:</b>','Não importa o que virá,<br>estou pronto pra dizer:',1,NULL),(41,6,'<mark class=\"cdx-marker\">Todos:<br></mark><b>Aleluia, Celebrai!</b>','Aleluia, Celebrai!',1,NULL),(41,7,'<b>Sem um minuto a mais eu quero ainda lhe dizer</b>','Sem um minuto a mais<br>eu quero ainda lhe dizer',1,NULL),(41,8,'<b>Das bênçãos<br>que Ele tem<br>sempre dado<br>a mim</b>','Das bênçãos que Ele tem<br>sempre dado a mim',1,NULL),(41,9,'<b>Eu vou permanecer e esperar,</b>','Eu vou permanecer e esperar,',1,NULL),(41,10,'<b>Ver Deus<br>trabalhar,<br>renovar, mudar<br>o que precisar!</b>','Ver Deus trabalhar, renovar,<br>mudar o que precisar!',1,NULL),(41,11,'<mark class=\"cdx-marker\">Meninas:</mark><br><b>Não importa o que virá, estou pronto pra dizer:</b>','Não importa o que virá,<br>estou pronto pra dizer:',1,NULL),(41,12,'<mark class=\"cdx-marker\">Todos:<br></mark><b>Aleluia, Celebrai!</b>','Aleluia, Celebrai!',1,NULL),(41,13,'<b>Oh! Alelu...<br>Aleluia Cantai!<br>Alelu...<br>Aleluia louvai!</b>','Oh! Alelu... Aleluia Cantai!<br>Alelu... Aleluia louvai!',1,NULL),(41,14,'<b>Alelu...</b><br><b>Aleluia exaltai! Não</b><br><b>importa o que virá</b><br><mark class=\"cdx-marker\">Meninas:<br></mark><u class=\"cdx-underline\">Eu vou cantar:</u>','Alelu... Aleluia exaltai! Não importa<br>o que virá eu vou cantar:',1,NULL),(41,15,'<b>Oh! Alelu...<br>Aleluia Cantai!<br>Alelu...<br>Aleluia louvai!</b>','Oh! Alelu... Aleluia Cantai!<br>Alelu... Aleluia louvai!',1,NULL),(41,16,'<b>Alelu...</b><br><b>Aleluia exaltai! Não</b><br><b>importa o que virá</b><br><mark class=\"cdx-marker\">Meninas:</mark><u class=\"cdx-underline\">Estou<br>pronto pra dizer:</u>','Alelu... Aleluia exaltai! Não importa<br>o que virá estou pronto pra dizer:',1,NULL),(41,17,'<b>Alelu...<br>Celebrai!<br></b><b>Alelu...<br>Celebrai!</b>','Alelu... Celebrai!&nbsp;Alelu... Celebrai!',1,NULL),(41,18,'<mark class=\"cdx-marker\">Meninas:<br></mark><b><u class=\"cdx-underline\">Cantarei</u></b><br><mark class=\"cdx-marker\">Todos:</mark><b>Alelu...</b><br><b>Celebrai! (2x)</b>','Cantarei: Alelu... Celebrai!&nbsp;Alelu... Celebrai!',1,NULL),(41,19,'<b>Eu creio e vou dizer Deus é bom pra mim!</b>','Eu creio e vou dizer Deus é bom pra mim!',1,NULL),(41,20,'<b>E a cada provação com Ele eu vencerei</b>','E a cada provação com Ele eu vencerei',1,NULL),(41,21,'<b>O inimigo vem<br>tentando me<br>abalar e me<br>derrubar</b>','O inimigo vem tentando me<br>abalar e me derrubar',1,NULL),(41,22,'<b>Mas o meu Deus jamais falhou e jamais falhará!</b>','Mas o meu Deus jamais<br>falhou e jamais falhará!',1,NULL),(41,23,'<mark class=\"cdx-marker\">Meninas:</mark> <br><b>Não importa o que virá, estou pronto pra dizer:</b>','Não importa o que virá,<br>estou pronto pra dizer:',1,NULL),(41,24,'<mark class=\"cdx-marker\">Todos:<br></mark><b>Aleluia, Celebrai!</b>','Aleluia, Celebrai!',1,NULL),(41,25,'<b>Sem um minuto a mais eu quero ainda lhe dizer</b>','Sem um minuto a mais<br>eu quero ainda lhe dizer',1,NULL),(41,26,'<b>Das bênçãos<br>que Ele tem<br>sempre dado<br>a mim</b>','Das bênçãos que Ele tem<br>sempre dado a mim',1,NULL),(41,27,'<b>Eu vou permanecer e esperar,</b>','Eu vou permanecer e esperar,',1,NULL),(41,28,'<b>Ver Deus<br>trabalhar,<br>renovar, mudar<br>o que precisar!</b>','Ver Deus trabalhar, renovar,<br>mudar o que precisar!',1,NULL),(41,29,'<mark class=\"cdx-marker\">Meninas:</mark><br><b>Não importa o que virá, estou pronto pra dizer:</b>','Não importa o que virá,<br>estou pronto pra dizer:',1,NULL),(41,30,'<mark class=\"cdx-marker\">Todos:<br></mark><b>Aleluia, Celebrai!</b>','Aleluia, Celebrai!',1,NULL),(41,31,'<b>Oh! Alelu...<br>Aleluia Cantai!<br>Alelu...<br>Aleluia louvai!</b>','Oh! Alelu... Aleluia Cantai!<br>Alelu... Aleluia louvai!',1,NULL),(41,32,'<b>Alelu...</b><br><b>Aleluia exaltai! Não</b><br><b>importa o que virá</b><br><mark class=\"cdx-marker\">Meninas:<br></mark><u class=\"cdx-underline\">Eu vou cantar:</u>','Alelu... Aleluia exaltai! Não importa<br>o que virá eu vou cantar:',1,NULL),(41,33,'<b>Oh! Alelu...<br>Aleluia Cantai!<br>Alelu...<br>Aleluia louvai!</b>','Oh! Alelu... Aleluia Cantai!<br>Alelu... Aleluia louvai!',1,NULL),(41,34,'<b>Alelu...</b><br><b>Aleluia exaltai! Não</b><br><b>importa o que virá</b><br><mark class=\"cdx-marker\">Meninas:</mark><u class=\"cdx-underline\">Estou<br>pronto pra dizer:</u>','Alelu... Aleluia exaltai! Não importa<br>o que virá estou pronto pra dizer:',1,NULL),(41,35,'<b>Alelu...<br>Celebrai!<br></b><b>Alelu...<br>Celebrai!</b>','Alelu... Celebrai!&nbsp;Alelu... Celebrai!',1,NULL),(41,36,'<mark class=\"cdx-marker\">Meninas:<br></mark><b><u class=\"cdx-underline\">Cantarei</u></b><br><mark class=\"cdx-marker\">Todos:</mark><b>Alelu...</b><br><b>Celebrai! (2x)</b>','Cantarei: Alelu... Celebrai!&nbsp;Alelu... Celebrai!',1,NULL),(42,1,'<b>Pai, eu&nbsp;quero<br>Te amar<br>Tocar o Teu<br>coração</b>','Pai, eu quero Te amar, tocar o Teu coração',1,NULL),(42,2,'<b>E me derramar<br>aos Teus pés</b>','E me derramar aos Teus pés',1,NULL),(42,3,'<b>Mais perto eu<br>quero estar Senhor<br>E Te adorar com<br>tudo o que sou</b>','Mais perto eu quero estar Senhor <br>E Te adorar com tudo o que sou ',1,NULL),(42,4,'<b>E Te render glória e aleluia!</b>','E Te render glória e aleluia!',1,NULL),(42,5,'<b>Aleluia...<br>Aleluia...<br>Aleluia...<br>Aleluia...</b>','Aleluia... Aleluia...&nbsp;Aleluia... Aleluia...',1,NULL),(42,6,'<b>Quando lutas vierem me derrubar<br>Firmado em Ti<br>eu estarei</b>','Quando lutas vierem me derrubar<br>Firmado em Ti eu estarei',1,NULL),(42,7,'<b>Pois Tu És o meu refúgio, ó Deus!</b>','Pois Tu És o meu refúgio, ó Deus!',1,NULL),(42,8,'<b>E não importa onde estiver,<br>no vale ou no monte adorarei!</b>','E não importa onde estiver, <br>no vale ou no monte adorarei!',1,NULL),(42,9,'<b>A Ti eu canto glória e aleluia!</b>','A Ti eu canto glória e aleluia!',1,NULL),(42,10,'<b>Aleluia...<br>Aleluia...<br>Aleluia...<br>Aleluia...</b>','Aleluia... Aleluia... Aleluia... Aleluia...',1,NULL),(42,11,'<b>Senhor, preciso do Teu olhar,<br>Ouvir as batidas do Teu coração</b>','Senhor, preciso do Teu olhar,<br>Ouvir as batidas do Teu coração',1,NULL),(42,12,'<b>Me esconder nos Teus braços, ó Pai!</b>','Me esconder nos Teus braços, ó Pai!',1,NULL),(42,13,'<b>Toda minh’alma<br>deseja a Ti, junto<br>com os anjos<br>cantarei</b>','Toda minh ’ alma deseja a Ti,<br>junto com os anjos cantarei',1,NULL),(42,14,'<b>Tu És Santo! Exaltado! Aleluia!</b>','Tu És Santo! Exaltado! Aleluia!',1,NULL),(42,15,'<b>Aleluia, Aleluia... Aleluia, Aleluia...<br>Aleluia, Aleluia... Aleluia, Aleluia...</b>','Aleluia, Aleluia... Aleluia, Aleluia...<br>Aleluia, Aleluia... Aleluia, Aleluia...',1,NULL);
/*!40000 ALTER TABLE `slides` ENABLE KEYS */;
UNLOCK TABLES;

--
-- Table structure for table `status_vinculo`
--

DROP TABLE IF EXISTS `status_vinculo`;
/*!40101 SET @saved_cs_client     = @@character_set_client */;
/*!50503 SET character_set_client = utf8mb4 */;
CREATE TABLE `status_vinculo` (
  `id` smallint NOT NULL AUTO_INCREMENT,
  `descricao` varchar(45) NOT NULL,
  PRIMARY KEY (`id`)
) ENGINE=InnoDB AUTO_INCREMENT=4 DEFAULT CHARSET=utf8mb4 COLLATE=utf8mb4_0900_ai_ci;
/*!40101 SET character_set_client = @saved_cs_client */;

--
-- Dumping data for table `status_vinculo`
--

LOCK TABLES `status_vinculo` WRITE;
/*!40000 ALTER TABLE `status_vinculo` DISABLE KEYS */;
INSERT INTO `status_vinculo` VALUES (1,'Forte'),(2,'Médio'),(3,'Fraco');
/*!40000 ALTER TABLE `status_vinculo` ENABLE KEYS */;
UNLOCK TABLES;

--
-- Table structure for table `subcategoria_departamentos`
--

DROP TABLE IF EXISTS `subcategoria_departamentos`;
/*!40101 SET @saved_cs_client     = @@character_set_client */;
/*!50503 SET character_set_client = utf8mb4 */;
CREATE TABLE `subcategoria_departamentos` (
  `id` smallint NOT NULL AUTO_INCREMENT,
  `descricao` varchar(45) NOT NULL,
  `supercategoria` smallint NOT NULL,
  PRIMARY KEY (`id`),
  KEY `supercategoria_idx` (`supercategoria`),
  CONSTRAINT `supercategoria` FOREIGN KEY (`supercategoria`) REFERENCES `categoria_departamentos` (`id`)
) ENGINE=InnoDB AUTO_INCREMENT=16 DEFAULT CHARSET=utf8mb4 COLLATE=utf8mb4_0900_ai_ci;
/*!40101 SET character_set_client = @saved_cs_client */;

--
-- Dumping data for table `subcategoria_departamentos`
--

LOCK TABLES `subcategoria_departamentos` WRITE;
/*!40000 ALTER TABLE `subcategoria_departamentos` DISABLE KEYS */;
INSERT INTO `subcategoria_departamentos` VALUES (1,'Corinhos Congregacionais',1),(2,'Formação Atual',1),(3,'Formações Anteriores',1),(4,'Retiros e Eventos da Juventude',1),(5,'Eventos de Páscoa',1),(6,'Eventos de Natal',1),(7,'Santa Ceia',1),(8,'Mocidade Local',2),(9,'UMADECAP',2),(10,'ADUNAD',2),(11,'Dep. Infantil',3),(12,'Dep. Feminino',3),(13,'Dep. Masculino',3),(14,'Orquestra',4),(15,'Geral',4);
/*!40000 ALTER TABLE `subcategoria_departamentos` ENABLE KEYS */;
UNLOCK TABLES;

--
-- Table structure for table `vinculos_x_musicas`
--

DROP TABLE IF EXISTS `vinculos_x_musicas`;
/*!40101 SET @saved_cs_client     = @@character_set_client */;
/*!50503 SET character_set_client = utf8mb4 */;
CREATE TABLE `vinculos_x_musicas` (
  `id_musica` int NOT NULL,
  `id_vinculo` smallint NOT NULL,
  `id_status` smallint NOT NULL,
  `descricao` varchar(200) DEFAULT NULL,
  PRIMARY KEY (`id_musica`,`id_vinculo`),
  KEY `id_vinculo_idx` (`id_vinculo`),
  KEY `id_status_idx` (`id_status`),
  CONSTRAINT `id_status` FOREIGN KEY (`id_status`) REFERENCES `status_vinculo` (`id`),
  CONSTRAINT `id_vinculo` FOREIGN KEY (`id_vinculo`) REFERENCES `subcategoria_departamentos` (`id`)
) ENGINE=InnoDB DEFAULT CHARSET=utf8mb4 COLLATE=utf8mb4_0900_ai_ci;
/*!40101 SET character_set_client = @saved_cs_client */;

--
-- Dumping data for table `vinculos_x_musicas`
--

LOCK TABLES `vinculos_x_musicas` WRITE;
/*!40000 ALTER TABLE `vinculos_x_musicas` DISABLE KEYS */;
INSERT INTO `vinculos_x_musicas` VALUES (1,2,2,'Música adotada pela Formação Atual do Ministério de Louvor cantada com pouca frequência.'),(2,2,1,'Música adotada pela Formação Atual do Ministério de Louvor cantada com pouca frequência.'),(2,7,1,'Música cantada exclusivamente em Eventos de Santa Ceia.'),(3,9,2,'Música do Congresso da UMADECAP de ano não identificado. Não foi muito cantada após o Congresso.'),(4,2,1,'Música adotada pela Formação Atual do Ministério de Louvor cantada com razoável frequência.'),(5,1,1,'Corinhos são cânticos de cunho evangelístico, que se caracterizam por uma estrutura melódica simples e intuitiva, de pequena extensão, com o conteúdo emocionalista.'),(5,2,1,'Arranjo recente para o corinho, existem bastante registros de ser cantado pela Formação Atual do Ministério de louvor.'),(6,2,2,'Música adotada pela Formação Atual do Ministério de Louvor, mas sem muitas performances recentes.'),(7,11,1,'Música Temática do Dep. Infantil'),(8,11,1,'Música Temática do Dep. Infantil cantada no Dia da Bíblia.'),(9,13,1,'Música Antiga do Dep. dos Varões.'),(10,13,1,'Música Antiga do Dep. dos Varões.'),(11,8,1,'Música antiga da Mocidade Local (Nova Geração), cantada muito pouco atualmente.'),(12,5,2,'Cantada em alguns eventos de Páscoa.'),(12,8,1,'Música antiga da Mocidade Local (Nova Geração), cantada muito pouco atualmente.'),(13,11,1,'Música Temática do Dep. Infantil'),(14,3,3,'Música cantada antigamente pelo Ministério de Louvor.'),(14,13,1,'Música cantada predominantemente pelo Dep. Masculino.'),(15,12,1,'Música cantada pelo Dep. Feminino.'),(16,12,1,'Música do Dep. Feminino adicionada para as festividades de Janeiro de 2024.'),(17,4,2,'Cantada em algum Retiro não registrado.'),(18,12,1,'Música cantada pelo Dep. Feminino.'),(19,13,2,'Música mais recente dos Varões.'),(20,14,1,'Música avulsa orquestrada cantada primeiramente durante um evento especial dos Músicos.'),(21,8,2,'Música antiga da Mocidade Local (Nova Geração), cantada muito pouco atualmente.'),(22,11,1,'Música Temática do Dep. Infantil cantada no Congresso Unificado de 2022.'),(23,4,1,'Cantado em algum Retiro na Chácara Santa Rita.'),(24,2,1,'Adotada Posteriormente pelo Ministério de Louvor durante o Congresso da UMADECAP de 2023, slide alterado para atender o Ministério de Louvor.'),(24,4,2,'Música originalmente cantada por um grupo externo durante um evento do \"Bless\", slide original feito para o grupo.'),(25,12,1,'Música cantada pelo Dep. Feminino.'),(26,12,1,'Música cantada pelo Dep. Feminino.'),(27,4,2,'Música muito antiga cantada pelas primeiras formações do Grupo de Adolescentes da Igreja local.'),(28,12,1,'Música cantada pelo Dep. Feminino.'),(29,11,1,'Música Temática do Dep. Infantil'),(30,2,2,'Música adotada pela Formação Atual do Ministério de Louvor cantada com pouca frequência.'),(31,12,1,'Música cantada pelo Dep. Feminino.'),(32,4,1,'Cantado em algum Retiro na Chácara Santa Rita.'),(33,12,1,'Música cantada pelo Dep. Feminino.'),(34,14,1,'Música avulsa orquestrada cantada eventualmente.'),(35,2,3,'Música cantada uma única vez pela Formação Atual do Ministério de Louvor durante no Especial de Natal de 2020.'),(35,5,2,'Música cantada num Evento Especial de Páscoa.'),(36,8,3,'Música cantada pela Mocidade Local em poucas ocasiões.'),(36,10,1,'Música cantada durante um Congresso do ADUNAD de 2021.'),(37,4,3,'Música cantada especificamente durante um único evento dos Jovens.'),(38,10,1,'Música cantada durante um Congresso do ADUNAD com data não identificada.'),(39,2,2,'Música adotada pela Formação Atual do Ministério de Louvor, mas sem muitas performances recentes.'),(40,9,2,'Música do Congresso da UMADECAP de ano não identificado.'),(41,9,2,'Música do Congresso da UMADECAP de ano não identificado.'),(42,14,1,'Música avulsa orquestrada cantada eventualmente.');
/*!40000 ALTER TABLE `vinculos_x_musicas` ENABLE KEYS */;
UNLOCK TABLES;
/*!40103 SET TIME_ZONE=@OLD_TIME_ZONE */;

/*!40101 SET SQL_MODE=@OLD_SQL_MODE */;
/*!40014 SET FOREIGN_KEY_CHECKS=@OLD_FOREIGN_KEY_CHECKS */;
/*!40014 SET UNIQUE_CHECKS=@OLD_UNIQUE_CHECKS */;
/*!40101 SET CHARACTER_SET_CLIENT=@OLD_CHARACTER_SET_CLIENT */;
/*!40101 SET CHARACTER_SET_RESULTS=@OLD_CHARACTER_SET_RESULTS */;
/*!40101 SET COLLATION_CONNECTION=@OLD_COLLATION_CONNECTION */;
/*!40111 SET SQL_NOTES=@OLD_SQL_NOTES */;

-- Dump completed on 2024-01-23  8:36:31
